name,name_variants,tier,mentors,promise,audience_nicho,deliveries,social_proof,page_number,is_ai,ai_relevance,ai_notes,attendees_with_club_field,members_count,guests_count,family_table_count,pista_premium_count,arquibancada_count
FRAME,,frame,Mari Coelho | Rapha Mattos | Arthur Aguiar | Fernando Ferreira,"Arthur Aguiar, Fernando Ferreira, Mari Coelho e Rapha Mattos uniram suas expertises para criar a Frame: a estrutura educacional perfeita para transformar autoridade em notoriedade, conhecimento em produto e propósito em dinheiro.",educação / mentores,MARI COELHO: Construção de Método Educacional e ferramentas | RAPHA MATTOS: Imersão de Esteira Produtos | ARTHUR AGUIAR: Imersão Clareza | FERNANDO FERREIRA: Desenho do plano de crescimento financeiro,alcance=+200 milhões de alcance por mês | alcance=milhões de alcance por mês | faturamento=+100 milhões de faturamento em produtos | faturamento=milhões de faturamento em produtos educacionais | indicador=+1000 mentorias criadas com sucesso,8,False,none,,0,0,0,0,0,0
CLAXCLUB,ClaxClub,platinum,Caio Carneiro | Flávio Augusto | Joel Jota,"Flávio Augusto, Caio Carneiro e Joel Jota, ao unirem suas expertises, não apenas impulsionam o ClaxClub para além das expectativas, mas também deixam um legado transformador, proporcionando uma experiência única de aprendizado em negócios.",educação / mentores,ENCONTROS: 3 encontros presenciais de 2 dias + 9 encontros online durante o ano | PLATAFORMA: plataforma exclusiva com todos os encontros gravados | WHATSAPP: grupo exclusivo do Whatsapp com todos os sócios e os mentores | EXPERIÊNCIAS: experiências especiais além da agenda de encontros anuais,faturamento=+39 bilhões faturamento total do grupo | faturamento=bilhões faturamento total do grupo | socios=+240 sócios no grupo | colaboradores=+280 mil colaboradores impactados,10,False,none,,127,25,102,0,70,57
A TRINCA CONTÁBIL,A Trinca Contábil,gold,Jhonny Martins | Carla Martins,"Os maiores especialistas do mercado contábil, dentro do maior ecossistema do Brasil, com as maiores referências do empreendedorismo do país.",contábil,"ENCONTROS: 2 encontros presenciais de 1 dia | PLATAFORMA: acesso, mídias e experiências | ONLINE: mentorias online | WHATSAPP: grupo exclusivo de WhatsApp",,36,False,none,,2,1,1,2,0,0
ACELERA ON DEMAND,,gold,Carolina Caribé,"Desenvolva produtos imobiliários viáveis em qualquer terreno ou mercado utilizando a metodologia ""O Fluxo do Desenvolvimento Imobiliário"". A mentoria acelera o crescimento dos participantes, proporcionando conhecimento prático e aplicável.",imobiliário,"ENCONTROS: 1 encontro presencial, 24 encontros online em grupo e 2 online individuais | PLATAFORMA: Plataforma com materiais e encontros gravados | WHATSAPP: Grupo de networking exclusivo | EXCLUSIVO: Acesso ao ecossistema de fornecedores e parceiros IP","faturamento=+23 bilhões de VGVs mentorados | faturamento=bilhões de VGVs mentorados | mentorados=+155 mentorados no grupo | indicador=+7,5 milhões de m² desenvolvidos | indicador=milhões de m² desenvolvidos",12,False,none,,0,0,0,0,0,0
ATRINCA REAL ESTATE,A Trinca Real Estate | ATrinca Real Estate,gold,Cézar Haik,"Unindo a experiência e influência de líderes como Cézar Haik, Flávio Augusto, Caio C, a ATrinca Real Estate vai além de um ecossistema: cria conexões estratégicas, impulsiona resultados e chancela autoridade no mercado. Com metodologia própria e networking de alto nível, transformamos o potencial de profissionais e empresas em crescimento real e sustentável.",imobiliário,ENCONTROS: 2 encontros presenciais + 9 encontros online | PREMIAÇÃO: 1 evento premiação anual | WHATSAPP: Grupo exclusivo no WhatsApp,socios=+120 Sócios +2.000 | indicador=+2.000 profissionais do setor imobiliario | indicador=profissionais do setor imobiliario | indicador=+5 bilhões em negocios imobiliários | indicador=bilhões em negocios imobiliários,13,False,none,,205,23,182,4,105,96
BEONE SELECT,BeOne Select,gold,Anderson Cavalcante,"Para empresários, médicos, profissionais liberais. Após ter lançado e contribuído, desde de o início da carreira, para nomes como Rick Chesther, Padre Fábio de Melo, Flávio Augusto, João Appolinário, Caio Carneiro, entre outros. Você irá aprender posicionamento, modelo de negócio, ROI, vendas e liderança. Além de palestrar e escrever livros bestsellers.",medicina / saúde,ENCONTROS: Semanais online + 3 encontros presenciais de 1 dia | PLATAFORMA: Plataforma com conteúdos exclusivos | WHATSAPP: Grupo exclusivo com todos os mentorados | EXPERIÊNCIAS: Acesso a eventos exclusivos do ecossistema Anderson Cavalcante,indicador=+240 milhões de livros vendidos como Editor | indicador=milhões de livros vendidos como Editor | indicador=+30 anos de experiência gerenciando a carreira e o posicionamento | indicador=+700 palestras realizadas no Brasil e exterior | indicador=palestras realizadas no Brasil e exterior,14,False,none,,54,15,39,5,37,12
CIRURGIÕES DE ELITE,Cirurgiões de Elite,gold,Marcelo Vieira,"Cirurgião de Elite é um programa inovador e intensivo para cirurgiões(as) que buscam aprimorar técnicas e transformar a experiência dos pacientes. Exclusivo no Brasil, oferece mentoria prática na cidade do mentorado, focada em procedimentos de alta performance, baixa complicação e alta precoce, com excelência em cirurgia laparoscópica e robótica. Conta ainda com um",oftalmologia / ótica,"ENCONTROS: 6 a 12 cirurgias por ano na cidade do mentorado | WHATSAPP: Grupo exclusivo | ACOMPANHAMENTO: Sessões online para feedback, dúvidas e aprimoramento",indicador=+300 pessoas (time cirúrgico) impactados em todo o país | indicador=+80 cirurgias realizadas em 1 ano | pacientes=75% pacientes com alta no mesmo dia da cirurgia,15,False,none,,3,3,0,0,3,0
D CLUB,D Club,gold,Darlan Sousa,"O D Club é um programa intensivo de desenvolvimento empresarial para empresários que buscam escala com previsibilidade, margem e clareza estratégica. Baseado nas metodologias de Darlan Sousa, ajuda líderes a organizar, estruturar e acelerar seus negócios com direção e resultados consistentes.",educação / mentores,ENCONTROS: 2 encontros exclusivos ao longo do ano + encontros mensais e semanais | PLATAFORMA: acesso a plataforma | WHATSAPP: Grupo exclusivo | EXPERIÊNCIAS: consultorias individuais e experiências premium,faturamento=+7 bilhões de faturamento anual | faturamento=bilhões de faturamento anual | socios=+100 sócios no grupo | indicador=+4500 funcionários,16,False,none,,5,1,4,5,0,0
DOC4U,Doc4u,gold,Davison Carvalho,"Doc4u é para todos os profissionais da área da saúde que desejam escalar seus projetos através de vendas, liderança e modelo de negócios. Mas, acima de tudo, Doc4u é para quem tem muita fome de servir e crescer! Você será acompanhado de perto por Davison Carvalho, em encontros semanais, para escalar suas clínicas/consultórios e/ou criar mentorias/cursos digitais voltados para a educação médica. Além disso, você terá encontros regulares com Flávio Augusto, um dos maiores nomes do empreendedorismo no Brasil.",medicina / saúde,ENCONTROS: 6 semanais online e 2 presenciais por ano | ACOMPANHAMENTO: acompanhamento individualizado com Davison Carvalho | WHATSAPP: grupo exclusivo com todos os membros e o mentor,faturamento=+1 bilhão em faturamento total do grupo | faturamento=bilhão em faturamento total do grupo | indicador=+200 negócios transformados através dos ensinamentos,17,False,none,,244,64,180,1,243,0
DOCFOUNDERS CLUB,DocFounders Club,gold,Vanylton Matias | Siele Matias,"DocFounders Club é o Grupo Seleto de médicos que decidiram construir negócios, não apenas carreira. Um ecossistema exclusivo onde médicos desenvolvem as competências do médico empresário: vendas, posicionamento, gestão e liderança, com acompanhamento próximo de Vanylton Matias e Siele Matias, que além da vivência médica trazem a visão de empresários.",medicina / saúde,ENCONTROS: 2 Encontros Nacionais presenciais + 1 Encontro Internacional presencial + 2 Encontros online por semana | WHATSAPP: Grupo exclusivo de whatsapp com todos os sócios e mentores | ACOMPANHAMENTO: Acompanhamento individual com Vanylton Matias e Siele Matias,indicador=+2 mil médicos formados pelo nosso Método | faturamento=80% dos mentorados dobram seu faturamento em,18,False,none,,3,3,0,1,2,0
ENDOGIN,Endogin,gold,Caio Saraiva | Vinicius Carruego,"Mentoria para médicos que desejam se destacar em emagrecimento e reposição hormonal, tornando-se referências em suas cidades. Além de aperfeiçoamento técnico, inclui estratégias para aumentar o faturamento e superar crenças limitantes. O diferencial é o acompanhamento full-time dos mentores, oferecendo suporte total na condução dos pacientes e nos negócios.",medicina / saúde,ENCONTROS: 2 encontros presenciais por ano | MENTORIA ONLINE: Encontros semanais e quinzenais pelo zoom | ACOMPANHAMENTO: full-time pelos dois mentores e plataforma com conteúdos e materiais exclusivos | VANTAGENS COMERCIAIS: exclusivas na compra de implantes e injetáveis,indicador=+40 mentorandos com 100% de satisfação | indicador=100% de retorno sob investimento adquirido em menos de 03 meses | faturamento=6 dígitos em faturamento dos mentorados,19,False,none,,256,49,207,3,253,0
EQUITY SCALE,,gold,Raphael Mattos | Flávia Salgues,"O equity scale é pra empresários que buscam diversificar sua atuação e aprender a escalar seu patrimônio através de investimentos em scale-ups. O ambiente desta mentoria proporciona uma vivência em ecossistemas de investimentos, fundos, M&A, além de um novo posicionamento para empresários que almejam um novo grau de autoridade na sua carreira.",educação / mentores,ENCONTROS: 3 encontros presenciais | VISITAS TÉCNICAS: visitas técnicas e imersão presencial | WHATSAPP: grupo exclusivo para networking e troca de experiências,socios=12 sócios/ investidores | indicador=+ de 500 empresas avaliadas | indicador=500 empresas avaliadas | indicador=+10 milhões em investimentos | indicador=milhões em investimentos,20,False,none,,0,0,0,0,0,0
ETERNUM CLUB,,gold,Bruna Pieri | Everton Pieri,"Clube para empresários e profissionais da estética no geral, que desejam fazer parte do topo do mercado. O programa oferece estratégias para atrair mais clientes, aumentar seus lucros e ter mais liberdade através de uma metodologia com a maior validação do segmento com mais de 1,2 bilhão gerados em vendas de procedimentos estéticos.",estética,ENCONTROS: 2 econtros presenciais por ano | PLATAFORMA: com metodologia completa +30 estratégias práticas | GRUPO EXCLUSIVO: para trocas de experiências e um Anjo consultor disponível para dúvidas | ONLINE: 1 encontros online por semana,faturamento=+65 milhões em faturamento total do grupo | faturamento=milhões em faturamento total do grupo | indicador=+80 participantes no grupo | indicador=178% de crescimento médio no grupo,21,False,none,,0,0,0,0,0,0
EXPERTS CLUB,,gold,Ícaro Samuel | Daniel Botelho,"O Clube Experts é um clube de médicos influentes que atingiram o mais alto grau técnico e estão juntos para elevar ainda mais o patamar do ambiente de negócios na medicina privada. Plugue sua clínica no maior ecossistema de soluções do mercado e aprenda diretamente com quem aplica! Nossos mentorados tem acesso aos bastidores de modelos de clínicas que faturam milhões. Como contratamos, treinamos, vendemos e comunicamos",medicina / saúde,"ENCONTROS: 4 encontros presenciais por ano | SUPORTE: suporte estratégico em posicionamento e modelo de negócio | ACESSORIA: vendas, gestão, e experiência do cliente | CONSULTORIA: personalizada para médicos",faturamento=7 dígitos de faturamento por clínica | mentorados=+55 mentorados no grupo | indicador=+1 milhão de inscritos no canal do YouTube,22,False,none,,0,0,0,0,0,0
FIRE CLUB,FIRE Club,gold,Jhonny Martins | Carla Martins,"Focado em sócios, time e família, é uma comunidade que quer estar em um ambiente que fuja do tradicional com conhecimento e experiências que mudam a frequência e elevam o nível. A promessa é a evolução em 12 meses o que não evoluiria em 12 anos, pois treinamos o gestor, time, líderes e família.",contábil,ENCONTROS: 3 encontros presenciais por ano | PREMIAÇÕES: eventos com premiações exclusivas aos mentorados | VIAGENS: encontros em Resorts com muita experiência e conteúdo | WHATSAPP: grupo exclusivo com todos os membros e os mentores,socios=+50 bilhões gestão de patrimônio de clientes dos sócios | socios=+180 membros focados em estar em um ambiente que fuja | socios=membros focados em estar em um ambiente que fuja do tradicional | socios=+20 mil conexões com as empresas clientes dos + 60 sócios,23,False,none,,475,64,411,5,470,0
GRAN CLUB,Gran Club,gold,Daniel (O Pai do Networking) | Talyta Morgana,"O Gran Club é um ecossistema estratégico que conecta empresários de alto nível. Guiado pelos 3 Cs - Credibilidade, Comunicação e Conexão, transforma relacionamentos em negócios, posicionamento em autoridade e conexões em resultados reais. Reconhecido por gerar acesso, visibilidade e retorno sobre o investimento, o Gran Club também dá palco aos seus membros para que se tornem referências e ampliem sua autoridade.",educação / mentores,ENCONTROS: 3 encontros presenciais no ano e encontros online semanais | NETWORKING: Experiências e cafés de negócios extras | EXCLUSIVO: Mentoria individual de aceleração para formação de mentores,indicador=+70 milhões em negócios fechados | indicador=milhões em negócios fechados | socios=+50 membros de diferentes segmentos | socios=membros de diferentes segmentos | indicador=Negócios gerados diariamente,24,False,none,,69,7,62,4,22,43
HOUSE OF LEADERS,House Of Leaders,gold,Ícaro Samuel,"House of Leaders é uma comunidade para médicos que já alcançaram sucesso técnico e agora buscam liberdade, lucro e legado. Aqui, o doutor se torna líder, aprende a estruturar, escalar e dirigir um negócio de saúde que cresce e prospera mesmo sem depender dele.",cirurgia,"ENCONTROS: Encontros presenciais imersivos de 2 dias, focados em liderança, estrutura e expansão. | PLATAFORMA: Plataforma exclusiva com conteúdos gravados, materiais e ferramentas de gestão. | MENTORIAL SEMANAL: Mentorias e encontros online para desenvolvimento estratégico contínuo. | CONSULTORIAS PERSONALIZADAS: e sessões individuais com acompanhamento direto do Dr. Ícaro Samuel e equipe.",faturamento=5 milhões de faturamento médio mensal na Dream Clinic. | indicador=+150 cirurgiões formados pela Plástica Academy. | indicador=cirurgiões formados pela Plástica Academy. | indicador=53 médicos empreendedores ativos no ecossistema de | indicador=médicos empreendedores ativos no ecossistema de mentorias (Experts Club,25,False,none,,2,2,0,2,0,0
IMPORT MASTERS CLUB,Import Masters Club,gold,Camila Carvalho,"O clube reúne empresários que desejam escalar seus resultados através da importação. Empreendedores que buscam crescimento estruturado, aumento de margem e acesso a conexões estratégicas e networking de alto nível. Enquanto fortalecem suas operações de importação,os membros desenvolvem novas fontes de receita ao monetizar conhecimento no ecossistema do clube",educação / mentores,ENCONTROS: 3 encontros presenciais ao longo do ano + calls estratégicas online quinzenais | PLATAFORMA: acesso à plataforma exclusiva com conteúdos e encontros gravados,"mentorados=+27 mil alunos na maior comunidade de importadores do | mentorados=alunos na maior comunidade de importadores do Brasil | faturamento=+R$300 milhões em faturamento com importação gerados | faturamento=milhões em faturamento com importação gerados por membros da | indicador=+1,2 milhão de seguidores nas redes sociais",26,False,none,,91,14,77,3,30,58
MASTER ACELERADOR MÉDICO,Master Acelerador Médico,gold,Netto Lima | Nara Menezes,"O Master é para você, colega médico, que busca mais liberdade e lucro com pacientes particulares, planos high ticket ou mentorias. Dr. Netto estará ao seu lado até que atinja múltiplos 7 dígitos mensais no consultório ou mentoria. Mindset, vendas e gestão nunca mais serão os mesmos.",medicina / saúde,"ENCONTROS: 6 semanais On Line, 2 Presenciais Nacionais e 1 Internacional. | ACESSOS: à plataforma, gameficação e grupo exclusivo no whatsapp | ACOMPANHAMENTO: Individualizado com Dr. Netto e em grupo do seu time | CONDIÇÕES ESPECIAIS: na compra de implantes, injetáveis e tecnologias",faturamento=1 Bilhão de faturamento total do grupo | indicador=80% de diferentes segmentos | indicador=8 anos de atuação exclusiva com médicos,27,False,none,,132,48,84,4,128,0
MENTOR BUSINESS HEALTH,Mentor Business Health,gold,Marina Takiuti,"Mentorada por Marina Takiuti, é o ecossistema que transforma médicos em empresários. Garante resultado sustentável nos negócios e na vida, com gestão global estratégica em liderança, vendas, gestão emocional e posicionamento. Integra médicos e equipes para alta performance, fomenta networking internacional, legado da medicina e o seu real valor.",medicina / saúde,"ENCONTROS: 17 encontros presenciais e onlines | PLATAFORMA EXCLUSIVA: Conteúdos exclusivos mensais e Suporte online com Mentores Operacionais semanalmente | WHATSAPP: Grupo Exclusivo WhatsApp com a Mentora Marina Takiuti, demais especialistas e membros | EXCLUSIVO: Experiências vivenciais coletivas entre mentorados (médicos e suas equipes)",indicador=+1200 Médicos e equipes transformadas | indicador=Médicos e equipes transformadas | faturamento=+R$536M faturamento total do grupo | indicador=47% crescimento médio anual | indicador=26 Anos de Expertise,28,False,none,,49,11,38,2,13,34
MOOVR,Moovr Club,gold,Flávio Tavares | Érica Tavares,"O Moovr Club é uma plataforma de formação de líderes que desejam transformar sua experiência em impacto real. Aqui empresários passam por um processo de desenvolvimento que transforma conhecimento em método, método em mentoria e mentoria em comunidades estruturadas. E a partir destas comunidades, nascem grandes movimentos que transformam seus mercados.",educação / mentores,ENCONTROS: 3 encontros presencias de 2 dias por ano + encontros online semanais | PLATAFORMA: Acesso à plataforma exclusiva com gravações | WHATSAPP: grupo exclusivo de WhatsApp | EXCLUSIVO: experiências extras com grandes marcas + ferramenta exclusiva de IA,indicador=+500 milhões em valor já movimentado | indicador=milhões em valor já movimentado | indicador=+40 líderes fundadores | indicador=Rumo a 1 bilhão de valor em rede até 2026 | indicador=1 bilhão de valor em rede até 2026,29,False,adjacent,"menciona IA como pilar/ferramenta, não como tese",61,4,57,2,12,47
MYSELF CLUB,,gold,Mario Magalhães | Everton Rosa,"Se sua empresa estagnou ou você busca alinhar identidade e cultura ao negócio, o Myself Club é o próximo passo. Desde 2008, Everton Rosa guia líderes na ativação de sua identidade e posicionamento, combinando retratos exclusivos e mentoria personalizada. CEOs e fundadores alcançam impacto claro e resultados concretos, como Mario Magalhães, hoje mentor do clube.",educação / mentores,ENCONTROS: 2 encontros presenciais de 2 dias por ano e 1 online por mês | PLATAFORMA: Plataforma EAD - Método Posicionamento 5.0 | POSICIONAMENTO: Posicionamento personalizado com sessão de Retratos Profissionais | CONSULTORIA: Personalizada (Call individual) criação do Manual de Posicionamento,indicador=+60 mil pessoas fotografadas | indicador=+mil empresários atendidos | indicador=6 anos atuando no mercado,30,False,none,,0,0,0,0,0,0
PES MENTORING,PES Mentoring,gold,Marília Cardoso,"A PES Mentoring é para médicos de todas as áreas que desejam escalar o faturamento do seu consultório/clínica ou criar e vender infoprodutos. Mentorado pela Marília, médica endocrinologista pela USP, que começou do zero e fundou sua clínica, o Instituto Levite, e o PES, empresa de educação médica com mais de 3000 alunos e que dobra de tamanho a cada ano. O programa desenvolve no médico Posicionamento, Vendas, Marketing, Gestão, Liderança e Mentalidade sob a ótica de uma médica que se construiu como empresária.",oftalmologia / ótica,ENCONTROS: 2 encontros presenciais por ano e 2 online por mês | PLATAFORMA: plataforma com conteúdos e materiais exclusivos da mentoria | WHATSAPP: grupo exclusivo do Whatsapp com todos os membros e os mentores | FELLOW DAY: acesso a um Fellow Day no Instituto Levite,faturamento=+100 milhões de faturamento total do grupo | faturamento=milhões de faturamento total do grupo acumulados | indicador=+3 mil médicos transformados | pacientes=+30 milhões de pacientes impactados | pacientes=milhões de pacientes impactados,31,False,none,,42,20,22,3,35,4
PROSPERUS CLUB,Prosperus Club,gold,Dani Martins,"Promessa: alcançar mais prosperidade nos negócios e na vida. O clube é para empresários que querem ter uma visão de negócios e vendas mais estratégica e inteligente, fazer networking, desenvolver melhor seus líderes e times de vendas, cuidar de sua saúde mental e de sua inteligência espiritual.",medicina / saúde,ENCONTROS: 3 encontros presenciais e 6 encontros online durante o ano | PLATAFORMA: de suporte | WHATSAPP: grupo exclusivo com todos os membros | TREINAMENTO: mensal para a liderança e time comercial,faturamento=+200 milhões de faturamento entre os membros | faturamento=milhões de faturamento entre os membros | indicador=+mil funcionários impactados,32,False,none,,207,42,165,6,201,0
SHP MASTER,SHP | Master SHP,gold,Léo Toledo,"O Master SHP é um clube exclusivo para profissionais de destaque que desejam escalar resultados por meio da venda de mentorias de alto valor. Utiliza um método validado para criar, vender, entregar e escalar mentorias com previsibilidade, proporcionando ainda a participação em um grupo sólido de mentores para troca de experiências e networking estratégico.",educação / mentores,"ENCONTROS: 3 encontros presenciais por ano | ACOMPANHAMENTO: encontros quinzenais em grupo, encontros individuais trimestrais para implementação e acompanhamento mensal com um mentor do time | ACESSO EXCLUSIVO: a Metodologia SHP | TUTORIAS: tutorias técnicas com o time",indicador=SHP foi reconhecida no Top 3 em | indicador=reconhecida no Top 3 em vendas de | indicador=no Top 3 em vendas de 2024 da MLS | indicador=vendas de 2024 da MLS e impulsiona diversos clubes até ingressarem | indicador=2024 da MLS e impulsiona diversos clubes até ingressarem na LIGA,33,False,none,,194,33,161,4,190,0
THE REFF,The Reff,gold,Bruno Andrade | Kaio Cézar,"Mentoria para guiar líderes na construção de uma comunidade próspera com seus clientes e mentorados. A partir de uma tese única e de técnicas avançadas de posicionamento e liderança, o líder aumenta ticket, engajamento e renovação.",educação / mentores,ENCONTROS: Encontros semanais online + 2 encontros presenciais + 3 encontros individuais de implementação. | PLATAFORMA: Plataforma exclusiva com todos os encontros gravados. | WHATSAPP: Grupo exclusivo e individual com cada mentorado. | EXPERIÊNCIA: Acesso a experiências exclusivas.,faturamento=+5 milhões de faturamento na abertura do grupo. | faturamento=milhões de faturamento na abertura do grupo. | indicador=+70 líderes no grupo | indicador=+12 segmentos diferentes atendidos,35,False,none,,2,0,2,2,0,0
WE.MASTER SAPHIRE,we.master SAPHIRE | We.Master Saphire,gold,Renata Pontes | Conrado Adolpho,"O We.Master Saphire é um programa premium para empresários com alta maturidade empreendedora, conduzido por Conrado Adolpho e Renata Pontes. Oferece uma visão 360 graus sobre negócios, focando em lucro, qualidade de vida e pilares como escala, modelo de negócio, colaboração, família, disciplina e integridade, promovendo transformação completa.",educação / mentores,ENCONTROS: 3 encontros presenciais por ano | PLATAFORMA: plataforma exclusiva | WHATSAPP: grupo exclusivocom todos os sócios e os mentores | ONLINE: 12 encontros online,,34,False,none,,0,0,0,0,0,0
ADVOGADO 10X,Advogado 10X,silver,Cristiano Ferreira,"Clube exclusivo para advogados de diversas áreas, com foco em transformá-los em empresários do direito. O programa desenvolve habilidades em marketing, gestão e vendas, além do conhecimento jurídico, preparando- -os para liderar com inovação e estratégias que impulsionam sua atuação no mercado jurídico.",jurídico,ENCONTROS: 4 encontros presenciais e 48 encontros online durante o ano | PLATAFORMA: acesso à plataforma com conteúdos e materiais exclusivos | WHATSAPP: grupo exclusivo do Whatsapp com todos os membros e os mentores,faturamento=+250 milhões de faturamento no grupo | faturamento=milhões de faturamento no grupo | socios=+260 membros no grupo | colaboradores=+mil colaboradores impactados,38,False,none,,332,60,272,5,89,238
ALIVANCE MENTORING,Alivance Mentoring Club,silver,Rafael Granella,"Club exclusivo para Mentores e Empresários que buscam romper as barreiras que impedem de faturar mais. Pegamos na sua mão, olhamos na sua necessidade de forma individualizada e imergimos no seu negócio trazendo clareza, estratégia, método, e ação através de ferramentas que transformam mentalidade, vendas e gestão.",educação / mentores,ENCONTROS: 3 encontros presenciais de 2 dias + sessões individuais | PLATAFORMA: Área de membros com todas aulas gravadas para você e seu time | EXPERIÊNCIAS: Entregas extras neurovivenciais além dos encontros anuais | INDIVIDUALIZAÇÃO DA ENTREGA: Olhar para necessidade individual e adaptação das ferramentas para aceleração dos resultados.,socios=+40 sócios no grupo | socios=sócios no grupo | indicador=+100 milhões de reais gerados a mais para os | mentorados=milhões de reais gerados a mais para os mentorados,42,False,none,,33,8,25,4,9,20
AMPLIFY CLUB,Amplify,silver,Jaqueline Junqueira,"Mentoria de Comunicação de Alto Valor para Marcas Pessoais e Negócios de Alto Preço. O objetivo é desenvolver uma comunicação coerente e magnética, que gere alta percepção de valor e possibilite que Marcas Pessoais tenham maior visibilidade, reconhecimento, cobre mais caro e gerem maior conversão em seus negócios. Nomes reconhecidos, criação de método e metodologia para negócios educacionais, além da construção da comunicação e posicionamento para o online e presencial.",educação / mentores,"ENCONTROS: 3 eventos presenciais, eventos online, alinhamentos quinzenais | PLATAFORMA: Aulas exclusivas, ebooks e materiais premium | WHATSAPP: Grupo exclusivo para negócios e networking | ONLINE: 24 encontros online em grupo + 12 encontros de Mastermind",indicador=+20 milhões faturados com o grupo | indicador=milhões faturados com o grupo | indicador=+300 empresárias impactadas | socios=+60 membros ativos,67,False,none,,5,5,0,5,0,0
ARMI,,silver,Rodrigo Simoni | Adriana Sant’Anna,"O ARMI é liderado por Adriana Santana e Rodrigo, conecta empresários visionários a um ambiente exclusivo de networking e estratégias de elite. Com mais de 13 anos no digital, múltiplos 8 dígitos em faturamento e 9 milhões de seguidores, ajudamos líderes a transformar influência em patrimônio e acelerar impérios digitais lucrativos.",educação / mentores,ENCONTROS: 2 encontros presenciais + 6 encontros online durante o ano | PLATAFORMA: Acesso a plataforma exclusiva com todos os encontros gravados | WHATSAPP: Grupo exclusivo no WhatsApp | EXCLUSIVO: Programa de aceleração em 90 dias. Sala Vip ARMI,mentorados=120 mil alunos transformados | indicador=70 países +9 | indicador=+9 milhões de seguidores nas redes sociais | indicador=milhões de seguidores nas redes sociais,39,False,none,,0,0,0,0,0,0
ATOMIC GROWTH,Atomic Growth Club,silver,Filipe Bento,"O AGC é para empresários que querem crescer infinitamente e de forma sustentável na vida e nos negócios. É para quem quer aprender a escalar com propósito, construir equity e liberdade com a mesma energia do primeiro dia. É sobre prosperar em todas as áreas da vida.",educação / mentores,ENCONTROS: 3 encontros presenciais ao longo do ano e 9 online com convidados renomados. | PLATAFORMA: com todos os encontros gravados | EXPERIÊNCIAS: exclusivas além da agenda dos encontros anuais | WHATSAPP: comunidade exclusiva para sócios,indicador=+20 mil clientes na base dos empresários | socios=+30 sócios no grupo | nps=+90 pontos no NPS,40,False,none,,43,8,35,3,35,5
AUTHENTIC LEADER,Authentic Leader,silver,Guilherme Wadouski,"Authentic Leader é para executivos e empresários que já alcançaram grandes resultados e agora querem transformar experiência em autoridade, negócios e legado. Ensina a usar o próprio nome como ativo estratégico, criar mentorias de alto valor e construir negócios escaláveis no digital. Um espaço para líderes autênticos que desejam ampliar impacto e ganhos.",educação / mentores,ENCONTROS: 2 eventos presenciais por ano + 12 encontros em grupo online no ano | ACOMPANHAMENTO: encontros individuais com Guilherme Wadouski para implementação e direcionamento personalizado | PLATAFORMA: plataforma exclusiva com todos os encontros gravados + conteúdo estratégico | WHATSAPP: grupo exclusivo com todos os membros e o mentor,"indicador=Múltiplos 7 dígitos de vendas em um ano de clube | indicador=7 dígitos de vendas em um ano de clube | indicador=+60 mentorandos no primeiro ano em 4 continentes: | indicador=mentorandos no primeiro ano em 4 continentes: Brasil, EUA, Europa | indicador=LinkedIn Top Voice com vendas 100% inbound | indicador=Top Voice com vendas 100% inbound com conteúdos",41,False,none,,57,12,45,3,27,27
BLACK SPARTAN,,silver,Dra. Clessya Rocha | Dr. Tasso Carvalho,"Black Spartan é uma mentoria para médicos que decidiram elevar o nível de suas entregas na prática, por meio da construção de um grande repertório terapêutico e da elevação de sua autoridade através de métodos já validados. O programa acontece dentro de um ecossistema completo, que favorece um crescimento profissional e pessoal significativo.",medicina / saúde,ENCONTROS: 3 encontros presenciais + 40 online semanais em grupo. | PLATAFORMA: App com aulas médicas e sessões gravadas de mentoria. | MENTORIA INDIVIDUAL: 8 encontros individuais com Tasso Carvalho | WHATSAPP: Grupo exclusivo de WhatsApp com mentorados e mentor,socios=+ 40 membros + 100 | colaboradores=+ 100 colaboradores impactados | faturamento=7 dígitos de faturamento dos mentorados,45,False,none,,0,0,0,0,0,0
BRAIN,Brain,silver,João Brognoli,"A mentoria BRAIN é baseada no acrônimo BRAIN: Burocracia, Resultados, Ambiência, Impacto e Números. Focada no crescimento empresarial, destaca o conceito de ambiência e temas práticos. Composta por agências de marketing digital e tecnologia, atrai outros setores devido à expertise de João nesse mercado.",educação / mentores,ENCONTROS: 3 Encontros presenciais ao longo do ano | PLATAFORMA: com gravações de todas as aulas e conteúdos práticos | WHATSAPP: grupo exclusivo do Whatsapp com todos os membros e os mentores | ACOMPANHAMENTO: Método único de acompanhamento do ponto B ao ponto A,socios=+1.4 bilhões entre os membros do clubes | socios=bilhões entre os membros do clubes | socios=+150 membros no grupo | indicador=+2 mil profissionais treinados,46,False,none,,75,27,48,3,18,54
C. ACELERAÇÃO DE NEGÓCIOS,Clube de Aceleração de Negócios,silver,Ramiro Gomes Ferreira | Bruno Strack,"Ramiro Gomes Ferreira, Bruno Strack e os sócios do Clube do Valor unem vivência de mercado à nossa expertise: funis de aquisição digital escaláveis. Ao dominar essa máquina, impulsionamos vendas e margens além das expectativas, construindo um ecossistema transformador com experiência única além de networking, implementação e aprendizado em negócios.",educação / mentores,ENCONTROS: 3 encontros presenciais de 2 dias + 24 encontros online durante o ano + 8 encontros individuais | PLATAFORMA: exclusiva com todos os encontros gravados | WHATSAPP: Grupo exclusivo no whatsapp com sócios e todos os membros,indicador=+12 nichos diferentes dentro do ecossistema | indicador=nichos diferentes dentro do ecossistema | socios=+40 sócios no grupo,44,False,none,,9,6,3,0,0,9
CHANCELA CLUB,Chancela Club,silver,Diego do Vale,"O Chancela Club acelera o crescimento de empresários com a Gestão Estratégica 360°. Acreditamos que ser empresário é uma profissão, o foco não é teoria, e sim o COMO FAZER e APLICAR estratégias validadas em gestão, liderança, vendas e modelo de negócio. Com um plano estratégico testado em centenas de empresas, ajudamos os empresários a conquistar resultados de 4 anos em 1. Ideal para PMEs que buscam lucratividade, eficiência financeira e times de alto desempenho.",vendas,"ENCONTROS: 36 encontros anuais (3 por mês), online e ao vivo | PLATAFORMA: plataforma de conteúdos exclusivos | WHATSAPP: grupo exclusivo com todos os membros | EXPERIÊNCIAS: experiências únicas além do calendário",indicador=+mil empresas atendidas pessoalmente | indicador=empresas atendidas pessoalmente através da Gestão | colaboradores=+1500 colaboradores transformados com a cultura de time | faturamento=milhões a mais em receita em 2024 aos nossos membros,47,False,none,,8,3,5,4,0,4
CLUB A,Club A,silver,Alexandra Casoni,"O Club A é uma mentoria exclusiva e seletiva para mulheres de alto nível que desejam viver a transformação para o próximo nível em suas vidas e negócios. Mais que um movimento, é uma jornada liderada por Alexandra Casoni, de forma próxima e personalizada, com direcionamento cirúrgico para o crescimento e expansão de mentalidade de cada mulher. Uma comunidade de negócios, conexões estratégicas e que abre portas para acessos inéditos, preparando você para as suas melhores e maiores oportunidades.",cirurgia,"ENCONTROS: 8 agendas individuais por ano, 5 aulas online ao vivo mensalmente e 4 encontros presenciais por ano | PLATAFORMA: plataforma exclusiva com todos os encontros gravados | WHATSAPP: grupo exclusivo com todos os sócios e os mentores | EXPERIÊNCIAS: Além dos encontros presenciais, temos 1 Expedition para o Nordeste","faturamento=2.4 bilhões em faturamento total do grupo | faturamento=bilhões em faturamento total do grupo | unidades=+50 mulheres comunidade exclusiva e seleta para mulheres | unidades=mulheres comunidade exclusiva e seleta para mulheres alto nível | indicador=+ 22 anos empreendendo transformando marcas, pessoas e inovações | indicador=empreendendo transformando marcas, pessoas e inovações",48,False,none,,12,6,6,5,3,4
CLUB ALAVANQ.C,,silver,Gustavo Paiva | Jessé Garutti | João Torre,"Para empresários dos segmentos de Consórcios, Seguros, Investimentos e Mercado Imobiliário, compartilhamos estratégias que geraram R$ 2 bilhões em vendas em 5 anos. Com foco em Marketing, Vendas, Liderança e Gestão Estratégica, nosso objetivo é dobrar o faturamento dos mentorados em 1 ano, promovendo crescimento sustentável e expansão de negócios.",imobiliário,ENCONTROS: 2 encontros presenciais + 12 encontros online durante o ano | PLATAFORMA: plataforma de membros | ACOMPANHAMENTO: 4 encontros individuais online | WHATSAPP: grupo exclusivo com todos os membros,faturamento=+3 bilhões em faturamento do grupo | faturamento=bilhões em faturamento do grupo | mentorados=+30 empresas mentoradas | colaboradores=+200 colaboradores e membors impactados,43,False,none,,0,0,0,0,0,0
DOC TRIPLE A,Doc Triple A,silver,Danilo Faria | Priscila Faria,"Mentoria para médicos com clínicas estruturadas que desejam evoluir para um novo nível de crescimento consistente. Alavancamos pilares de vendas, gestão, liderança e mentalidade de negócio para estruturar agendas estratégicas com pacientes qualificados. O método Doc Triple A foi aplicado e validado em diversas clínicas referência no país.",medicina / saúde,"ENCONTROS: 2 eventos presenciais ao ano + 12 encontros online em grupo para mentorados + 12 encontros online em grupo para time | ACOMPANHAMENTO: 4 encontros individuais com Danilo Faria para implementação e direcionamento personalizado | PLATAFORMA: Acesso exclusivo da metodologia Doc Triple A e aulas bônus, para mentorados e times | WHATSAPP: Grupo exclusivo com todos os mentorados e grupo com todos os times",mentorados=+ 100 mentorados e times impactados com | mentorados=mentorados e times impactados com o método | roi=ROI em 90 dias | indicador=+ 200 milhões gerados no ecossistema | indicador=milhões gerados no ecossistema,51,False,none,,27,4,23,4,2,21
DOC10X,Doc10X,silver,Glauco Melo,"O Doc10X é para médicos de todas as especialidades que desejam sai do modelo tradicional e travado de atendimento, que limita sua liberdade e prosperidade.",medicina / saúde,"ENCONTROS: imersão Presencial 2 vezes ao ano | PLATAFORMA: com Área de Membros com todas as aulas e encontros gravados | WHATSAPP: grupo exclusivo com acesso ao mentor, equipe e todos os sócios | EXPERIÊNCIAS: vantagens em compras de ativos, insumos e eventos médicos","indicador=R$ 15 milhões faturados em apenas 4 meses de | indicador=milhões faturados em apenas 4 meses de existência do Clube | socios=31 sócios ativos Incontáveis | indicador=Incontáveis vidas impactadas, | indicador=vidas impactadas, incluindo aquelas que nunca conheceremos | indicador=impactadas, incluindo aquelas que nunca conheceremos",49,False,none,,40,16,24,5,21,14
DOCTOR 360,Doctor 360,silver,Natália Carneiro | Dr. Felipe Carneiro,"A Doctor 360 é uma mentoria para médicos que desejam romper com o sistema tradicional de saúde, conquistar autonomia e escalar seus negócios. Com foco em liderança, gestão, marketing e criação de produtos de alto valor, capacita médicos a liderarem consultórios e criarem novos serviços, promovendo liberdade, valorização e protagonismo em suas carreiras.",medicina / saúde,ENCONTROS: 3 encontros semanais via zoom e 1 encontro presencial anual | PLATAFORMA: com conteúdos e materiais exclusivos da mentoria | WHATSAPP: grupo exclusivo do Whatsapp com todos os membros e os mentores | CONVIDADOS: aulas extras com convidados especiais.,faturamento=+80 milhões de faturamento no grupo | faturamento=milhões de faturamento no grupo | mentorados=+70 mentorados no grupo | faturamento=até 7 digitos de faturamento anual por consultório | faturamento=digitos de faturamento anual por consultório,50,False,none,,105,39,66,4,101,0
DOMINARE CLUB,Dominare Club,silver,Pollyana Félix,"DOMINARE CLUB é a mentoria exclusiva de Pollyana Félix, que conduz mulheres a elevarem sua comunicação, presença e resultados em alto nível. Em 12 meses, cada integrante desenvolve identidade magnética, autoridade e estratégias de expansão que transformam reputação em faturamento.",educação / mentores,ENCONTROS: 2 encontros presenciais de 3 dias cada + 20 encontros online em grupo + 3 acessos individuais ao longo do ano | PLATAFORMA: Acesso exclusivo com todas as aulas gravadas | WHATSAPP: Grupo fechado com as integrantes e a equipe de mentoria | EXPERIÊNCIAS: Conferências presenciais exclusivas,faturamento=+100 milhões de faturamento total do grupo | faturamento=milhões de faturamento total do grupo | indicador=20 sócias no grupo | unidades=10 palestras internacionais preparo mulheres para oportunidades | unidades=internacionais preparo mulheres para oportunidades fora do Brasil,52,False,none,,2,1,1,1,0,1
DOUTORA CEO,Clube Doutora CEO,silver,Vivian Pires,"O Clube Doutora CEO é o primeiro ecossistema exclusivo de médicas que une branding, cultura, processos e vendas em um método autoral. Uma comunidade forte, generosa e visionária que transforma clínicas em negócios prósperos e sustentáveis.",medicina / saúde,ENCONTROS: 2 encontros presenciais ao ano | TUTORIAIS: Semanais exclusivos para a médica e também seu time | WHATSAPP: grupo de WhatsApp com membros e mentora para troca e conexão | EXPERIÊNCIAS: Experiências exclusivas,faturamento=+100 milhões de faturamento das suas clínicas/ | faturamento=milhões de faturamento das suas clínicas/ hospital | unidades=15 anos de atuação exclusiva na concepção e gestão de clínicas prósperas | indicador=Centenas de alunas médicas transformadas com o seu método | indicador=de alunas médicas transformadas com o seu método,53,False,none,,33,9,24,4,27,2
ELEVATE MED CLUB,Elevate Med Club,silver,Katherine Pontes | Stefano Monteiro,"O clube é liderado pelo Dr. Stefano Monteiro e por Katherine Pontes e reúne médicos que desejam crescer com solidez no mercado particular. A jornada é estruturada em quatro motores: atração de pacientes, planos de acompanhamento, mentalidade de negócios e ambiência de crescimento. O foco é formar médicos empresários, prósperos e felizes em suas carreiras.",medicina / saúde,ENCONTROS: 2 a 3 encontros presenciais no ano | HOTSEATS: Hotseats quinzenais online | AULAS: mensais ao vivo online | PLATAFORMA: Plataforma de ensino com aulas e encontros gravados,,56,False,none,,52,27,25,1,18,33
EMPREENDEDOC,EmpreendeDoc,silver,Carlos Neto | Thais Berti,"Clube para médicos e profissionais de saúde que buscam otimizar sua perfomance pessoal e profissional. Nossa missão é tornar o médico um empreendedor, para que assim possa gerir sua clínica e negócios no digital. Através do nosso programa você será capaz de aumentar sua rentabilidade, ganhar tempo e melhorar sua qualidade de vida.",medicina / saúde,ENCONTROS: 2 encontros presenciais por ano + encontros online semanalmente | PLATAFORMA: com conteúdos gravados e materiais didáticos | ACOMPANHAMENTO: Amplo acesso ao mentor e visão personalizada do seu negócio | WHATSAPP: grupo exclusivo com todos os membros e mentor,faturamento=média de 50% de aumento do faturamento | faturamento=de 50% de aumento do faturamento | unidades=+1200 médicos impactados na comunidade | indicador=96% de retenção e aprovação,54,False,none,,129,52,77,5,124,0
EQUITY CLUB,EquityClub,silver,Marcus Varandas,"O EquityClub é para empresários que querem transformar seus negócios em ativos valiosos e atrativos, prontos para escalar e gerar equity. Com um método validado e acompanhamento estratégico, a comunidade reúne empreendedores que buscam crescer com lucro, estrutura e visão de longo prazo, construindo empresas que prosperam e se tornam desejadas pelo mercado.",educação / mentores,"ENCONTROS: 9 encontros online e 3 presenciais de dois dias por ano | PLATAFORMA: com todos os cursos, encontros, aulas gravadas e materiais didáticos | REUNIÕES INDIVIDUAIS: com o mentor Marcus Varandas (trimestralmente – Board Meeting) | REUNIÕES QUINZENAIS: com o estrategista (anjo) para acompanhamento do Plano Go To Equity","indicador=+1 bilhão em gestão de valuation do grupo | indicador=bilhão em gestão de valuation do grupo | indicador=+50 no grupo +25 anos | indicador=+25 anos de experiência prática criando, vendendo, investindo e",55,False,none,,3,1,2,1,2,0
FOUNDERSAI CLUB,FoundersAI Club | Founders AI Club,silver,Guilherme Junqueira,"Grupo para empresários que querem transformar suas empresas em AI-First. Guilherme Junqueira, unindo expertise em IA, educação e venture capital, conduz o Founders AI Club em uma jornada de educação, mentoria e orquestração para tornar empresas leves e lucrativas através de IA, para crescer receita sem crescer equipe.",AI / inteligência artificial,ENCONTROS: 3 imersões presenciais + 48 mentorias online no ano | PLATAFORMA: exclusiva | WHATSAPP: grupo de WhatsApp com mentores,"faturamento=+R$1,8 bilhão em faturamento do grupo | faturamento=bilhão em faturamento do grupo | socios=+48 sócios | socios=sócios +2.600 | colaboradores=+2.600 colaboradores impactados",57,True,direct,nome do clube é de IA; Founders AI Club / Guilherme Junqueira,58,6,52,3,34,21
GALAXS,Galaxs,silver,Kenia Gama,Grupo para empresários que alcançaram 7 dígitos ou mais e desejam explorar todas as oportunidades do mundo on-line e presencial e construir um ecossistema sólido,educação / mentores,ENCONTROS: 3 encontros presenciais + 1 encontro online por mês + 3 encontros de networking com experiência exclusiva | PLATAFORMA: Área de membros com acesso a conteúdo técnico e estratégico de cada pilar | WHATSAPP: Comunidade exclusiva com mentorados + time de consultoras e mentora,faturamento=+70 milhões de faturamento | faturamento=milhões de faturamento | colaboradores=+400 colaboradores | indicador=+70 mil clientes atendidos,58,False,none,,6,6,0,4,2,0
GL CLUB ENSINO,GL Club Ensino,silver,Gabriel Longuini | Zhara Longuini,"Mentoria exclusiva para médicos que desejam prosperar no consultório sem depender de fontes externas de renda. Ensina práticas científicas e éticas, posicionamento de valor e estratégias de vendas. Foco no sucesso pessoal antes do profissional, abordando saúde física, mental, espiritual e familiar, para uma vida organizada e um consultório de sucesso.",medicina / saúde,"ENCONTROS: 1 encontro presencial, 1 online individual e 24 encontros em grupo por ano | PLATAFORMA: exclusiva de ensino do Growth & Life | DIA DE IMERSÃO: veja ao vivo como vendo e crio experiências incríveis para os pacientes | WHATSAPP: grupo exclusivo com todos os membros e mentor",faturamento=+17 milhões de faturamento do grupo em dezembro | faturamento=milhões de faturamento do grupo em dezembro | indicador=100% de retorno sob investimento adquirido em 60 dias para 74% | indicador=+530 médicos já assistiram aos eventos presenciais,59,False,none,,102,44,58,4,26,72
GLOBAL VENTURES ALLIANCE,Global Ventures Alliance,silver,Nat Mondelli,"A Global Ventures Alliance conecta empreendedores, investidores e líderes globais. Com base na solidez suíça e na força empreendedora brasileira, a GVA promove a internacionalização de empresas e a diversificação de portfólios, criando um ecossistema premium de expansão, investimentos e legado global.",educação / mentores,"CONFRARIA: Você acessa encontros com quem define o futuro. Experiências exclusivas que vão além da agenda convencional, em lugares icônicos, como os ateliês | MENTORIA MENSAL: Mentorias e encontros online para desenvolvimento estratégico contínuo. Certificação internacional.","indicador=Networking Premium: Participantes de outros países. Grupo para | socios=Premium: Participantes de outros países. Grupo para todos os membros. | indicador=89 países: Vivência internacional aplicada | indicador=Patrocínio Oficial: Lindt, My Switzerland e B-Long Business School | indicador=Oficial: Lindt, My Switzerland e B-Long Business School",60,False,none,,6,2,4,4,2,0
HEALTH ONE CO.,Health One co.,silver,Vanessa Goltzman,"Mentoria premium para clínicas de saúde que desejam se transformar em ecossistemas com solução única e exclusiva, método próprio, programas de acompanhamento e time multidisciplinar de alta performance, garantindo escala e faturamento independente do dono.",medicina / saúde,"ENCONTROS: 4 encontros individuais + 2 encontros presenciais anuais | PLATAFORMA: plataforma exclusiva com conteúdos de vendas + liderança gravados | MENTORIAL SEMANAL: em grupo, para evolução contínua",pacientes=+35 mil pacientes impactados ao redor do mundo | indicador=+45 países com aplicação do nosso método | indicador=+17 anos liderando ecossistemas de saúde escaláveis,61,False,none,,29,2,27,4,11,14
IMPORT.AÇÃO CLUB,Import.AÇÃO Club,silver,Rodrigo Lopes,"O Import.AÇÃO Club é um grupo exclusivo para empresários que buscam dominar a importação e expandir seus negócios globalmente. Os membros participam de um fundo de investimento em importação, vivenciando etapas reais com cases práticos, ampliando sua visão sobre o mercado internacional. O clube oferece dois eventos presenciais no Brasil e dois eventos em Dubai, proporcionando um aprendizado imersivo e estratégico.",importação,ENCONTROS: 4 encontros presenciais ao longo do ano + 1 encontro online por mês | FUNDO DE INVESTIMENTO: para importação e negócios globais | WHATSAPP: grupo exclusivo | EXPERIÊNCIAS: acesso a experiências exclusivas,faturamento=+300 milhões de faturamento gerado pelos membros | faturamento=milhões de faturamento gerado pelos membros | socios=+30 sócios no grupo +100 | indicador=+100 viagens internacionais realizadas | indicador=viagens internacionais realizadas,62,False,none,,20,2,18,1,5,14
IMPUSHE,Impushe,silver,Fabiana Carneiro,"Impushe é um programa exclusivo para mulheres que buscam crescimento profissional no mundo dos negócios. Oferece conteúdo prático e direcionado, com foco em fortalecer processos comerciais, gestão, liderança, autoridade, influência e estratégias de negócios. A partir de dezembro de 2024, inclui uma agenda exclusiva para cônjuges, liderada por Caio Carneiro, abordando alavancas empresariais e promovendo networking.",educação / mentores,ENCONTROS: 4 encontros presenciais e 8 encontros online durante o ano | PLATAFORMA: com todos os encontros gravados | WHATSAPP: grupo com todos os membros e mentores | EXPERIÊNCIAS: experiências especiais além da agenda de encontros anuais,indicador=+16 setores diferentes | mentorados=+70 mentorados no grupo | mentorados=mentoradas participantes de outros países,63,False,none,,20,4,16,0,9,11
INFINITY GIANTS,Infinity Giants,silver,Gigante | Gigante Kaká,"O INFINITY GIANTS, são para empresários de diversos setores de atuação. No Infinity o empresário vai aprender a montar estratégias eficazes e inovação de vendas e posicionamento no digital com autoridade.",educação / mentores,ENCONTROS: 3 encontros presenciais ao longo do ano | WHATSAPP: grupo exclusivo de WhatsApp,faturamento=500 milhões de faturamento do grupo | faturamento=milhões de faturamento do grupo | socios=33 sócios | colaboradores=+1.000 colaboradores,64,False,none,,4,2,2,4,0,0
LEGACY DOCTORS,Legacy Doctors,silver,Daniel Botelho,"Para médicos que buscam ir além da técnica e construir um legado. A Legacy Doctors, liderada pelo Dr. Daniel Botelho, une gestão, marketing e mentalidade de alta performance para formar líderes que prosperam nas dimensões familiar, empresarial e social. Aqui, o foco é liberdade, propósito e impacto duradouro.",medicina / saúde,ENCONTROS: 02 encontros presenciais de 02 dias + 24 encontros online durante o ano | PLATAFORMA: Plataforma exclusiva com todos encontros gravados | EXCLUSIVO: 02 diárias de consultoria ou treinamento in company + 24 sessões de mentoria individuais,indicador=40% de aumento médio | faturamento=aumento médio no faturamento dos mentorados | faturamento=médio no faturamento dos mentorados | faturamento=+50 milhões no faturamento dos mentorados | faturamento=milhões no faturamento dos mentorados | indicador=+20 projetos educacionais médicos em diferentes especialidades,66,False,none,,36,11,25,2,11,23
MASTER RENNER SILVA,Master Renner Silva,silver,Renner Silva,"Mentoria para empresários que desejam usar os palcos para se posicionar e vender mais, com palestras impactantes e eventos de alta conversão. Ensina a estruturar palestras emocionais com conteúdo técnico e histórias de vida, além de criar eventos transformadores e lucrativos. Conecte-se com uma comunidade de empreendedores que brilham nos melhores palcos do Brasil.",educação / mentores,ENCONTROS: 3 encontros presenciais por ano e um online todas as semanas | EVENTO PRÁTICO: os membros palestrarão dividindo o palco com grandes nomes | ACESSO AOS EVENTOS: de imersão para ver na prática meus eventos e modelar | AUDIÇÕES DE PALESTRAS: uma vez por mês com feedbacks,indicador=+500 Palestras criadas | faturamento=+500k faturamento de alunos por evento,68,False,none,,11,5,6,3,7,1
MEDCONECTT,Medconectt,silver,Gustavo Guimarães | Thaís Guimarães,"O clube é para médicos e profissionais da saúde que querem transformar suas clínicas em negócios de alta performance. Nossa comunidade reúne Intelgencia Artificial, gestão, marketing e vendas aplicados à saúde. A grande promessa: equipes preparadas, pacientes encantados e faturamento crescente.",medicina / saúde,"ENCONTROS: semanais individuais e em grupo e 2 encontros anuais | EXCLUSIVO: mentoria exclusiva para as secretárias e equipe do médico | GESTÃO: Mentoria individual do médico, mentoria da equipe do médico, IA de atendimento e vendas",faturamento=+150 milhões de faturamento do grupo | faturamento=milhões de faturamento do grupo | indicador=Ecossitema com mais de 10 soluções | indicador=com mais de 10 soluções de implementação imediata | indicador=10 soluções de implementação imediata | indicador=70% de média de crescimento nos 3 primeiros meses,69,True,adjacent,inteligência artificial (grafia do book) na comunidade,21,10,11,3,18,0
MEDGEST CLUB,Medgest Club,silver,Domingos Mantelli | Rogério Magalhães | Erica Mantelli,"Mentoria exclusiva para médicos, focada em gestão, empreendedorismo, e vendas, visando escalar seus negócios e aumentar faturamento exponencialmente.",medicina / saúde,ENCONTROS: Encontros presenciais e on-lines | EXCLUSIVO: experiências e entrega de materiais didáticos | GESTÃO: ferramentas aplicáveis de gestão,faturamento=+60 milhões de faturamento total do grupo | faturamento=milhões de faturamento total do grupo | unidades=+13 clínicas | unidades=clínicas +1.000 | indicador=+1.000 médicos treinados pelos experts | indicador=médicos treinados pelos experts,70,False,none,,68,31,37,4,54,10
MEDIMAKERS,MediMakers,silver,Marcelo Kierszenbaum,"O MediMakers é uma mentoria para médicos que buscam superar a rotina exaustiva e conquistar liberdade financeira. Com foco em Marketing, Posicionamento e Vendas, o programa ajuda a aumentar faturamento, criar produtos digitais, eventos de impacto, atrair pacientes de forma estratégica e otimizar processos, preparando médicos empreendedores para expandir sua atuação, construir uma carreira próspera e levar sua mensagem mais longe.",medicina / saúde,"ENCONTROS: 2 imersões presenciais por ano | PLATAFORMA: com todos os encontros gravados, material de apoio e conteúdo técnico | WHATSAPP: grupo exclusivo com todos os mentorados e grupo individual de apoio com o Marcelo e seu dream team | ONLINE: 7 reuniões semanais online em grupo e individuais com o Marcelo",faturamento=+8 dígitos de faturamento no grupo | faturamento=dígitos de faturamento no grupo | mentorados=70 mentorados,72,False,none,,17,4,13,4,9,4
MENTALIDADE MASTER,Mentalidade Master,silver,Pedro Quintanilha | Flávia Quintanilha,"Grupo premium para empreendedores digitais focado em margem, recorrência e escala. Reúne em um mastermind os maiores nomes do mercado digital de educação e recorrência. Destinado a quem deseja crescer exponencialmente, aumentar influência e impacto, com mais lucros e menos estresse, dominando estratégias digitais e o modelo de negócios recorrentes.",educação / mentores,ENCONTROS: 3 encontros presenciais de 2 dias e 9 online por ano | PLATAFORMA: com toda a metodologia e gravações dos encontros ao vivo | ADVISOR MEETING: reunião individual com o Pedro Quintanilha trimestral | WHATSAPP: grupo exclusivo com todos os membros e os mentores,socios=+1 bilhão gestão de patrimônio de clientes dos sócios | indicador=+ Presenças relevantes os maiores nomes do mercado digital de | indicador=relevantes os maiores nomes do mercado digital de educação e recorrência | indicador=milhões de clientes recorrentes impactados,73,False,none,,7,1,6,4,0,3
MENTOREASY CLUB,MentorEasy Club,silver,Pedro Schwartzmann,"Desenvolvida especialmente para cardiologistas, o MentorEasy Club une estratégia, mentalidade e propósito, proporcionando mais qualidade de via ao médico, ambiência profissional e aumento de faturamento, fazendo uma medicina de verdade, com mais equilíbrio e liberdade, sem abrir mão da excelência.",medicina / saúde,"ENCONTROS: 3 encontros presenciais, encontro em Ribeirão Preto e reuniões semanais | PLATAFORMAS: CardioEasy com conteúdos da plataforma de atualização | WHATSAPP: Grupos Whatsapp + Instagram",socios=120 membros na mentoria | socios=membros na mentoria 4500 | indicador=4500 médicos na plataforma CardioEasy | indicador=médicos na plataforma CardioEasy | indicador=+ 15 mil médicos em eventos Cardioeasy em 2025 | indicador=médicos em eventos Cardioeasy em 2025,74,False,none,,92,37,55,5,75,12
METHOD CLUB,,silver,Mari Coelho,"Somos um ecossistema exclusivo para empresários e profissionais que utiliza a educação como motor para criar produtos estratégicos, que geram venda e criam legado. Os negócios que mais crescem e lucram são aqueles que investem em educação, para isso existe um caminho, uma estratégia, um método e foi assim que nasceu Method Club. Com método o seu conhecimento é o ativo mais valioso que existe.",educação / mentores,"ENCONTROS: 3 encontros presenciais de 2 dias e 9 encontros on-line por ano | NETWORKING PREMIUM: grupo exclusivo no WhatsApp com todos os sócios, promovendo conexões estratégicas | MÉTODO E FERRAMENTAS: atendimento individual de diagnóstico para construção de ferramentas próprias | MESA DE NEGÓCIOS: almoço e jantares periódicos com o grupo para conexão e crescimento",indicador=1 o ecossistema voltado para a escala de negócios por meio | indicador=+600 métodos construídos | nps=100% aprovação dos membros (NPS 10),65,False,none,,0,0,0,0,0,0
MIDAS CLUB,,silver,Hilston Guerim | Isabella Guerim,"O Midas Club é uma mentoria focada em estratégias, gestão, vendas, escala e governança. Com ferramentas práticas e conteúdos de aplicação imediata, o objetivo é transformar cada empresário em um Midas, alguém que, independente do seu negócio, prospera e multiplica seus resultados. Além disso, fortalece o casal que empreende junto, garantindo crescimento sustentável e alinhamento na jornada empresarial.",educação / mentores,ENCONTROS: 8 encontros presenciais ao longo do ano (2 dias cada) | ONLINE: mentoria individual online entre os encontros | WHATSAPP: grupo VIP no WhatsApp com os mentores e todos os sócios | EVENTOS: experiências e eventos exclusivos ao longo do ano,indicador=+1.100 empresários impactados pelo método | indicador=+15 anos os maiores nomes do mercado digital de educação e recorrência | faturamento=+250 milhões de faturamento do grupo | faturamento=milhões de faturamento do grupo,75,False,none,,0,0,0,0,0,0
MÉDICOEMPRESÁRIO,MédicoEmpresário,silver,Thiago Volpi,"Ajudamos médicos a transformar suas clínicas em empresas que geram resultados financeiros recorrentes, sem depender exclusivamente do seu trabalho, e preparadas para o crescimento e a expansão.",medicina / saúde,ENCONTROS: 2 encontros presenciais por ano | PLATAFORMA: com reuniões online semanais gravadas | WHATSAPP: grupos temáticos de WhatsApp | ONLINE: 1 encontro online semanal + entregas extras,faturamento=+180 milhões de faturamento por ano | faturamento=milhões de faturamento por ano | mentorados=+110 mentorados ativos | mentorados=mentorados ativos | colaboradores=+700 colaboradores impactados,71,False,none,,58,10,48,4,30,24
OCULOPLASTIC MENTORING,Oculoplastic Mentoring,silver,Tiago Ortiz,"Mentoria para cirurgiões especializados em cirurgia plástica periocular que buscam refinar resultados cirúrgicos através de cirurgias hands-on, aprimorar processos de venda, gestão, posicionamento e marketing digital.",oftalmologia / ótica,ENCONTROS: Encontros quinzenais online + 2 eventos presenciais | HANDS-ON: Cirurgias hands-on e 2 encontros online individuais | GRUPOS: no Telegram e WhatsApp | CONTEÚDOS: Área de membros com conteúdos gravados,faturamento=400% no faturamento | socios=+26 sócios | colaboradores=+50 colaboradores impactados,76,False,none,,28,4,24,2,8,18
ODONTO ELITE,OdontoElite,silver,Dr. Cristiano Demartini,"Em um país com o maior número de dentistas do mundo, a OdontoElite capacita dentistas e empresários a crescer com estratégia e alcançar resultados. Conduzida pelo Dr. Cristiano Demartini, fundador e CEO da OdontoTop, a mentoria ensina a estruturar equipes, otimizar processos e expandir negócios com consistência.",odontologia,ENCONTROS: 3 encontros presenciais + 9 encontros online durante o ano | ESTRATÉGIA: Plano individualizado com acompanhamento estratégico | ACESSO: aos bastidores da maior rede de hospitais odontológicos do Brasil e em outras empresas do setor | WHATSAPP: Grupo exclusivo do WhatsApp aberto,indicador=+1000 dentistas transformados através dos ensinamentos | indicador=dentistas transformados através dos ensinamentos | indicador=+15 anos de experiência na odontologia | mentorados=+90% dos mentorados já possuem mais de uma clínica,78,False,none,,250,33,217,2,139,109
ONE VISION,One Vision,silver,Francelino Neto | Faby Leite,"O empresário do futuro não vende produto. Ele forma pessoas. O objetivo do Clube Vision é simples: Conectar, posicionar e acelerar quem quer servir o presente com a visão do futuro. Não é uma mentoria. Não é mastermind. É o boardroom dos empresários de educação do futuro.",educação / mentores,ENCONTROS: 3 encontros presenciais + 9 encontros online com o board durante o ano | ESTRATÉGIA: Estratégia real de produto com recorrência e margem | SALA DE GUERRA ONLINE: com o que está funcionando agora no mercado - estratégias mudam sempre | NETWORKING: com quem tá no jogo grande; Experiência em empresas reais - Vision Expedition,faturamento=+1 bilhão de faturamento +48 | socios=+48 sócios +1500 | colaboradores=+1500 colaboradores,77,False,none,,53,19,34,2,8,43
PARNASSAH CLUB,,silver,Édio Alberti | Elisa Simões,"A Parnassah Club é um programa exclusivo para casais empreendedores que buscam elevar seus negócios e fortalecer sua parceria. Liderado por Édio Alberti e Elisa Simões, alia 30 anos de experiência empresarial com uma abordagem que integra princípios de vida familiar, liderança, espiritualidade e estratégia, conectando sucesso profissional a propósito de vida.",educação / mentores,"ENCONTROS: 3 encontros presenciais de 2 dias + encontros online a cada 15 dias | PLATAFORMA: Plataforma exclusiva para membros, com todos os encontros gravados | WHATSAPP: grupo exclusivo de whatsapp com todos os sócios e os mentores",faturamento=+700 milhões de faturamento total do grupo | faturamento=milhões de faturamento total do grupo | colaboradores=+1.000 colaboradores impactados | colaboradores=colaboradores impactados +30 anos | indicador=+30 anos de Experiência em Gestão Empresarial,79,False,none,,0,0,0,0,0,0
PRECISÃO CIRÚRGICA,Precisão Cirúrgica,silver,Marcelo Vieira,"O programa Precisão Cirúrgica é uma experiência exclusiva para médicos que desejam dominar técnicas cirúrgicas avançadas e habilidades de gestão empresarial. Com encontros quinzenais virtuais e práticos, inclui dois encontros presenciais exclusivos para cirurgiões, sendo um deles o hands- -on em cadáver. Proporciona aprendizado único em anatomia complexa, padronização de metodologias cirúrgicas, gestão de carreira e networking de alto impacto.",cirurgia,ENCONTROS: 2 encontros presenciais sendo um Hands-on de dissecção de cadáver | WHATSAPP: grupo exclusivo | VÍDEOS AO VIVO: discussão e análise de vídeos cirúrgicos ao vivo | SESSÕES QUINZENAIS: temáticas sobre técnicas cirúrgicas avançadas,mentorados=+20 mentorados +2 | faturamento=+2 milhões em faturamento no primeiro ano | faturamento=milhões em faturamento no primeiro ano,80,False,none,,7,3,4,3,3,1
PRIME DOCTOR CLUB,,silver,Dr. Ivan Rollemberg,"O Prime Doctor Club é para empresários que atuam na área da saúde e estética, ajudando-os a desenvolver suas equipes e expandir seus negócios. A mentoria atua estrategicamente para fortalecer liderança, gestão e crescimento empresarial.",estética,ENCONTROS: 3 encontros presenciais ao longo do ano | WHATSAPP: Grupo para comunicação entre membros e mentor | ONLINE: Encontros mensais no formato online | VIAGENS INTERNACIONAIS: para os principais eventos da área estética do mundo,,81,False,none,,0,0,0,0,0,0
SCALE CLUB,Scale Club,silver,Raphael Mattos,"O Scale Club é uma mentoria para empreendedores que desejam escalar negócios nos padrões de franquia, baseada na metodologia SCALE de Raphael Mattos. Focada em Produto Campeão, Modelo Escalável e Empreendedor Estratégico, oferece um ambiente colaborativo com parcerias estratégicas e visitas técnicas anuais a grandes empresas como Cacau Show, Fini, McDonald's e Ri Happy, promovendo insights e networking de alto nível.",educação / mentores,ENCONTROS: 3 encontros presenciais e 12 encontros online durante o ano | PLATAFORMA: de treinamento com acesso a grandes marcas | WHATSAPP: grupo com todos os membros e mentores | EXPERIÊNCIAS: acesso a experiência e eventos exclusivos durante o ano,unidades=+1500 unidades somadas | indicador=+1200 empresários impactados pelo método para escala | faturamento=+500 milhões de faturamento | faturamento=milhões de faturamento,82,False,none,,92,14,78,1,28,63
SPARKZ,,silver,Isabela Matte | Luan Matte,"Sparkz é um ambiente dinâmico focado em transformar e escalar negócios digitais de forma sustentável. Com temas como autoconfiança, posicionamento estratégico e execução eficaz, o clube promove conexões relevantes e oportunidades valiosas, ideal para quem deseja se destacar no universo digital.",educação / mentores,"ENCONTROS: 3 encontros presenciais de 2 dias e 9 encontros online | PLATAFORMA: Acesso aos cursos do Imatize | WHATSAPP: Grupo de WhatsApp com os mentores e bastidores do time | EXPERIÊNCIAS: Acesso a experiências exclusivas (Experiencez, Guestz, Backstagez, Insiderz)",indicador=+7 dígitos de vendas na abertura do clube | mentorados=+30 mentorados no grupo | mentorados=Internacional mentorados participantes de outros países,83,False,none,,0,0,0,0,0,0
TECH SALES CLUB,Tech Sales Club,silver,Diego Rodrigues,"O TSC é um clube exclusivo para empreendedores que querem escalar seu faturamento por meio de vendas e da formação de times comerciais. Com o acompanhamento direto de Diego Rodrigues e Flávio Augusto, 70% dos nossos membros ultrapassaram 100% de ROI já nos 3 primeiros meses de mentoria.",educação / mentores,ENCONTROS: 3 aulas online ao vivo por semana e 2 encontros presenciais por ano | WHATSAPP: acesso a um grupo exclusivo no WhatsApp com os mentores | ACOMPANHAMENTO: Individualizado com o Diego Rodrigues,indicador=+7 dígitos de vendas na abertura do clube | mentorados=+40 mentorados no grupo | mentorados=Internacional mentorados participantes de outros países,84,False,adjacent,"Tech Sales — vendas/times comerciais; tech no nome, sem IA no pitch",57,4,53,6,25,26
TITANS CLUB RESERVE,Titans Club Reserve,silver,Rica Mello,"O Titans Club Reserve é para empresários em estágios avançados de maturidade, que desejam escalar seus negócios com estratégia e profundidade. Através de encontros de alto nível, acompanhamento individual intensivo e acesso a empresários de alto gabarito, o grupo oferece uma jornada de evolução personalizada, focada em performance sustentável.",educação / mentores,ENCONTROS: 3 encontros presenciais ao longo do ano + 9 encontros online | PLATAFORMA: com 100 horas de conteúdo para membros e seus colaboradores | REUNIÕES SEMANAIS: acompanhamento individual com equipe dedicada | EXPERIÊNCIAS: 1 visita à empresa do membro durante o ano,faturamento=R$ 1 bilhão de faturamento total | socios=95 membros ativos | nps=98 de NPS do clube,85,False,none,,87,6,81,6,31,50
TITTANIUM CLUB,Tittanium Club,silver,Fernanda Tochetto,"Ecossistema de educação empresarial para empresários, profissionais da saúde e mentores, que desejam fortalecer a mentalidade e a autoridade, crescer faturamento, realizar vendas de alto valor, construir um ecossistema de negócios e usufruir de uma ambiência que estimula conexões e expansão de oportunidades.",medicina / saúde,"ENCONTROS: orientações individualizadas, 3 encontros presenciais, 9 encontros online + plantões em grupo. | PLATAFORMA TITTANUM ACADEMY: com conteúdo estratégico, gravações dos encontros, metodologia própria e espaço para sócios. | WHATSAPP: grupo geral e grupos segmentados | EXPERIÊNCIAS: experiências únicas com foco na conexão, aprendizados e negócios.","faturamento=+1 bilhão de faturamento total no grupo | faturamento=bilhão de faturamento total no grupo | socios=+100 sócios ativos | socios=sócios em + de 38 cidades, 7 estados e 3 países",86,False,none,,104,30,74,3,47,54
TRAKTION,,silver,Hendel Favarin | Josef Rubin,"Grupo exclusivo para empreendedores e executivos que buscam alavancar seus negócios através de estratégias de tração e crescimento. São abordados os temas: Liderança e gestão, Cultura e escala, Aquisição e multi canais, Marketing/Vendas (growth), Modelo de negócio, Esteira de produto, Estruturação tributária e gestão financeira.",contábil,ENCONTROS: 3 encontros presenciais + encontros online durante o ano | PLATAFORMA: plataforma de recursos e ferramentas | ACOMPANHAMENTO: diagnóstico da eficiência do mkt/ vendas da empresa + Q&A periódicos | NETWORKING: eventos e encontros com trocas valiosas entre empresários,faturamento=+1 bilhão de faturamento combinado entre | faturamento=bilhão de faturamento combinado entre os membros | mentorados=+100 mentorados no grupo,87,False,none,,0,0,0,0,0,0
VERTEX CLUB,Vertex Club,silver,Michel Marun,"Clube premium de negócios para pequenos e médios empresários que já validaram o mercado, mas ainda dependem do esforço do dono. Trabalhamos Vendas, Gestão & Liderança, Tech e Escala - transformando improviso em estrutura, modelos previsíveis e liderança com autonomia real. Execução acima de tudo. O objetivo é crescer mesmo quando você não está na sala.",vendas,"ENCONTROS: 4 kick-offs individuais online + rituais semanais de execução em grupo + 3 imersões presenciais ao longo do ano | EXCLUSIVO: Blueprint do negócio + Acesso direto a Michel Marun + Emergency Call para situações críticas + Deal Flow do Clube | WHATSAPP: Grupo exclusivo do VERTEX Club — rede, suporte e bastidores | PLATAFORMA: Aulas semanais com especialistas e encontros gravados",faturamento=+2 bilhões gerados em faturamento pelo | faturamento=bilhões gerados em faturamento pelo ecossistema | faturamento=+100 empresários com faturamento milionário | indicador=+7 mil empresários capacitados,88,False,none,,259,12,247,4,61,194
WE.MASTER RUBY,we.master RUBY | We.Master Ruby,silver,Renata Pontes | Conrado Adolpho,"O We.Master Ruby é um clube para empresários que querem transformar conhecimento em mentorias lucrativas. Os eventos são baseados em hotseats, promovendo conexão, desafios e networking. Mais que uma formação, é um caminho para escalar impacto, monetizar expertise e se tornar referência, integrando-se a uma rede de líderes estratégicos.",educação / mentores,ENCONTROS: 3 encontros presenciais por ano | PLATAFORMA: acesso a plataforma de ensino | COMUNNITY MANAGER: dedicada | ENCONTRO SEMANAL: com Conrado Adolpho,socios=+150 sócios no ecossistema | socios=sócios no ecossistema,89,False,none,,0,0,0,0,0,0
100+ CLUB,,bronze,Thiago Salvador,"O 100+ Club é para donos de óticas e investidores que buscam operações lucrativas. Oferece estratégias para captação de clientes, vendas, metas, atendimento, visagismo e finanças. Promete elevar o faturamento das óticas acima de R$ 100 mil por unidade, com margens superiores a 25%, aproveitando o potencial crescente do mercado ótico no Brasil.",oftalmologia / ótica,ENCONTROS: 3 encontros presenciais por ano e 24 online (quinzenais) | PLATAFORMA: com conteúdos gravados | FEIRAS: presença em feiras internacionais e nacionais | CONVIDADOS: convidados especiais,faturamento=+120 milhões de faturamento no grupo | faturamento=milhões de faturamento no grupo | mentorados=+60 mentorados no grupo | unidades=+100 lojas pelo Brasil,91,False,none,,0,0,0,0,0,0
6D,6D - Aceleradora de Resultados,bronze,Kenia Gama,"No programa de aceleração você terá uma visão individual e estratégica da Kenia Gama e seu time para alavancar os seus resultados em tempo Record. Através dos principais pilares: Liderança, Gestão, Marketing, Vendas e IA.",educação / mentores,MENTORIA INDIVIDUAL: 2 sessões com a Kenia | PLATAFORMA: Área de membros com acesso a conteúdo técnico e estratégico de cada pilar | WHATSAPP: Comunidade exclusiva com mentorados + time de consultoras e mentora,faturamento=+200 milhões de faturamento | faturamento=milhões de faturamento | colaboradores=+500 colaboradores | indicador=+100 mil clientes atendidos,92,False,adjacent,"menciona IA como pilar/ferramenta, não como tese",8,7,1,5,3,0
A FORJA CLUB,A Forja Club,bronze,Vanessa Avelar | Felipe Ribeiro,"Mentoria de vendas para empresários e mentores, que forja estratégias comerciais para crescimento e previsibilidade no faturamento.",medicina / saúde,"ENCONTROS: 6 Encontros individuais on-line, 12 encontros hotseat e 2 encontros presenciais no ano | PLATAFORMA: personalizada | WHATSAPP: Grupo exclusivo de WhatsApp | TREINAMENTOS: Treinamentos exclusivos para equipes comerciais",faturamento=+100 milhões de faturamento total no grupo | faturamento=milhões de faturamento total no grupo | socios=+30 sócios ativos | faturamento=80% dos mentorados aumentaram seus faturamentos em,140,False,none,,14,2,12,4,1,9
A THRÍADE,,bronze,Angella Araújo | Jéssica da Silva | Nayara Caligares,"A Thríade é um clube para empresários da saúde que desejam crescer com prosperidade, liberdade e propósito. Liderada por Nayara Caligares, Jéssica da Silva e Angella Araújo, transforma clínicas em empresas fortes e seus donos em líderes realizados, felizes e preparados para deixar um legado.",medicina / saúde,"ENCONTROS: 3 imersões presenciais + encontros quinzenais com líderes + encontros semanais com equipes comerciais. | PLATAFORMA: Conteúdos gravados, aulas ao vivo e materiais estratégicos. | EXPERIÊNCIAS: Vivências exclusivas, conexões de alto nível e acompanhamento próximo. | WHATSAPP: Grupo exclusivo com empresários, líderes, equipes e mentoras.",faturamento=+30 milhões em faturamento combinado | faturamento=milhões em faturamento combinado | socios=+30 empresários e sócios | indicador=+100 mil + profissionais treinados,104,False,none,,0,0,0,0,0,0
ACELERAVET CLUB,,bronze,Raphael Clímaco,"O AceleraVet Club é uma comunidade de líderes e empreendedores do mercado pet. Reúne donos de clínicas, hospitais e negócios do setor que buscam crescer com estratégia, gestão e inovação. Ao longo da jornada, trabalhamos liderança, vendas, gestão, inovação e conexões para acelerar negócios e resultados.",veterinária / pet,ENCONTROS: 3 encontros presenciais de 2 dias + 50 encontros online durante o ano. | PLATAFORMA: Plataforma exclusiva com todos os encontros gravados. | WHATSAPP: Grupo exclusivo de WhatsApp com todos os sócios e os mentores. | EXPERIÊNCIAS: Experiências especiais além da agenda de encontros anuais.,faturamento=+10 bi de faturamento total do grupo | socios=+25 sócios +1500 | colaboradores=+1500 colaboradores impactados,94,False,none,,0,0,0,0,0,0
AGENCY MASTER,Agency Master,bronze,Igor Moraes | Raphael Mattos,"O Agency Master é um grupo de mastermind 100% focado em donos de agências, com encontros presenciais exclusivos, mentorias estratégicas e conexões de alto nível. Membros têm acesso a um grupo no WhatsApp para interação direta com mentores e sócios, conteúdos online e encontros especiais com convidados influentes.",educação / mentores,"ENCONTROS: 3 encontros presenciais exclusivos por ano com mentorias estratégicas | PLATAFORMA: com conteúdo estratégico, gravações e materiais de apoio | WHATSAPP: Comunidade ativa para trocas diárias, suporte e oportunidades | PARTICIPAÇÃO: de influenciadores e convidados especiais em encontros temáticos",faturamento=+100 milhões de faturamento entre os membros do grupo | faturamento=milhões de faturamento entre os membros do grupo | indicador=+400 agências aceleradas no Brasil e no mundo | indicador=agências aceleradas no Brasil e no mundo | indicador=Maior ecossistema de agências do Brasil,95,False,none,,3,3,0,0,3,0
ALL IN CLUB,All In Club,bronze,Ícaro Gaspar | Luis Cunha | Roberta Gaspar,"O ALL IN Club é para o empresário que está no ALL IN da sua vida, no seu ponto de inflexão ou quer gerar esse momento. Mentoria com visão sistêmica em mentalidade, liderança, estratégia, vendas, gestão de pessoas e processos. Ícaro e Luis entregam mais de 20 anos de experiência criando e potencializando empresas para venderem +, lucrarem + e prosperarem +.",educação / mentores,ENCONTROS: 3 encontros presenciais e 18 MasterClasses Online por ano | PLATAFORMA: exclusiva de conteúdos | DIA DE IMERSÃO: acesso à Benchmark Trip e à Couple Experience Trip | WHATSAPP: grupo exclusivo com todos os membros e mentor,faturamento=+1.5 bilhões de faturamento do grupo em dezembro | faturamento=bilhões de faturamento do grupo em dezembro | indicador=+60 empresas no grupo +2 mil | colaboradores=+2 mil colaboradores impactados | indicador=+100 milhões de reais em negociações | indicador=milhões de reais em negociações realizadas,97,False,none,,36,18,18,4,14,18
ALPH CLUB,Alph Club,bronze,Ivan Pons,"Ivan Pons é especialista em posicionar o empresário como canal de aquisição de seus negócios. Com foco no fortalecimento do posicionamento do empreendedor, dando acesso a novos ambientes e auxiliando na criação de um ecossistema de negócios, com foco no mesmo público final.",generalista / empresários,"ENCONTROS: 6 encontros presencias por ano, encontros online nos meses que não ocorrem eventos presencias | VIAGENS: 2 rotas para visitas | EXCLUSIVO: vivências exclusivas e experiências além da agenda | WHATSAPP: grupo exclusivo no WhatsApp",faturamento=+300 milhões de faturamento somado | faturamento=milhões de faturamento somado | socios=+40 sócios em 4 meses | colaboradores=+600 colaboradores impactados,98,False,none,,6,2,4,2,1,3
ALTO BUSINESS CLUB,,bronze,Rodrigo Leite | Léo Marcucci,"O Alto Business Club é para empresários que desejam crescer com propósito, autoridade e liberdade. Uma comunidade de líderes que unem fé, estratégia e gestão inteligente. Ao longo da jornada, trabalhamos mentalidade, finanças, posicionamento e performance. A promessa: transformar empresários em referências guiadas por Deus.",educação / mentores,ENCONTROS: 3 presenciais ao longo do ano + 48 horas online em grupo no ano | APP E SITE: com encontros gravados | EXCLUSIVO: Experiências além da agenda | WHATSAPP: grupo exclusivo no WhatsApp,socios=+30 sócios | socios=sócios,99,False,none,,0,0,0,0,0,0
ALÉM DA TÉCNICA,Mentoria Além da Técnica,bronze,Quesia Cardoso,"A Mentoria Além da Técnica é para o profissional que deseja enxergar seu negócio, dominar prospecção e vendas sem depender de agência de marketing e tráfego pago. Na mentoria ele aprende a se posicionar, prospectar, precificar, vender e liderar sua equipe. O objetivo da mentoria é tornar o profissional protagonista do seu sucesso.",odontologia,ENCONTROS: 2 encontros presenciais no ano + 3 encontros online por semana | PLATAFORMA: Plataforma exclusiva com todos encontros gravados | WHATSAPP: Grupo de WhatsApp Exclusivo | EXTRA: Encontros Extras com parceiros da mentoria,socios=+30 sócios no grupo | socios=sócios no grupo | faturamento=+25 milhões em faturamento total no ano | faturamento=milhões em faturamento total no ano | colaboradores=+120 colaboradores impctados,96,False,none,,10,5,5,0,3,7
APEX,Apex,bronze,Bruno Paladini,"A Mentoria APEX foca em unir estratégias de posicionamento, captação, encantamento e fidelização de clientes qualificados. Transformamos médicos em empresários capacitados para criar e escalar negócios lucrativos com liberdade - de consultórios particulares a cursos, mentorias e soluções inovadoras.",medicina / saúde,ENCONTROS: 2 encontros presenciais ao longo do ano + 24 encontros online ao longo do ano | ACOMPANHAMENTO: individualizado com mentor e equipe especializada | AULAS: Aulas mensais com convidados | WHATSAPP: Grupo exclusivo de Networking + Grupo próprio para cada mentorado,indicador=+270 médicos em grupo de networking | indicador=médicos em grupo de networking | indicador=+1000 fidelizações vendidas | indicador=+60% de crescimento estimado,100,False,none,,105,27,78,4,28,73
ARK BUSINESS,,bronze,Fernando Ferreira,"O Ark Business Club é para quem quer fazer seu negócio evoluir. Aqui trabalhamos finanças, negócios & investimentos. A ideia é sempre trazer princípios como base. Se você precisa de transformação no negócio, acompanhamento de perto e habilidades de finanças aqui é seu lugar.",educação / mentores,ENCONTROS: 2 encontros presenciais por ano + 10 encontros online | PLATAFORMA: com conteúdos exclusivas | DIAGNÓSTICO: individual no momento de entrada no clube | WHATSAPP: grupo exclusivo com todos os membros e mentor,faturamento=+50 milhões de faturamento | faturamento=milhões de faturamento +50 | mentorados=+50 mentorados +500 | colaboradores=+500 colaboradores impactados,101,False,none,,0,0,0,0,0,0
ATHERA CLUB,Athera Club,bronze,Mariana Freitas | Thalita Zanin,"A ATHERA Club é para quem busca uma mentalidade desbloqueada, uma carreira assertiva e um ambiente que impulsione negócios. Mariana Freitas e Thalita Zanin unem suas expertises para criar um clube com acompanhamento estratégico, foco em clareza, ação e resultados. Um espaço para quem decide ir para o próximo nível.",educação / mentores,"ENCONTROS: 4 vezes ao ano, 20 encontros on-line e 8 agendas individuais por ano | PLATAFORMA: Aplicativo exclusivo com todos os encontros | EXPERIÊNCIAS: Acesso a experiências exclusivas. | WHATSAPP: grupo exclusivo com todos os sócios e mentores",,102,False,none,,17,3,14,3,3,11
ATIVACY,Ativacy Club,bronze,Rosie Dantas,"Mentoria de vendas para Empresários e profissionais da Saúde e Educação. ATIVACY é para quem deseja escalar seus projetos através de vendas, liderança e modelo de negócios. E, acima de tudo é para quem tem fome de crescer e multiplicar seus conhecimentos para formar pessoas e expandir! Você será acompanhado de perto por Rosie Dantas em encontros semanais",medicina / saúde,"ENCONTROS: 5 encontros semanais on line + 2 encontros presenciais por ano | ACOMPANHAMENTO: Acompanhamento individualizado com Rosie Dantas | EXPERIÊNCIAS: Experiências especiais, além de agendas de encontros anuais. | WHATSAPP: Grupo exclusivo de WhatsApp com todos os membros",faturamento=+270 milhões faturamento total do grupo | faturamento=milhões faturamento total do grupo | faturamento=+32% de aumento no faturamento | colaboradores=+60 mil de colaboradores impactados,103,False,none,,2,1,1,2,0,0
AUDACE CLUB,Audace Club,bronze,Dani Daroz | Léo Oliveira,"Um clube para mulheres empresárias que querem sair do comum e elevar seus negócios. Usamos criatividade, posicionamento e estratégia para ajudar você a pensar, agir e lucrar de forma diferente, com conteúdos práticos, aconselhamento contínuo e experiências que ampliam repertório e fortalecem decisões.",mulheres,ENCONTROS: Encontros on-line a cada 15 dias para acompanhamento e direção contínua | IMERSÕES: 3 imersões presenciais ao longo do ano + 6 encontros presenciais de experiência | PLATAFORMA: Acesso à plataforma de aulas gravadas | WHATSAPP: Grupo exclusivo no WhatsApp e acesso direto ao WhatsApp particular da Dani,nps=100% de aprovação dos membros (NPS 10),105,False,none,,23,13,10,4,3,16
AURA DOCTORS CLUB,Aura Doctors Club,bronze,André Jorge | Renata Jorge,"André Jorge e Renata Jorge criaram esse clube exclusivo para Médicos e Profissionais da saúde que querem escalar seu faturamento com Posicionamento, Vendas e Gestão. Sempre praticando uma medicina ética, respeitando nossos Valores e Princípios.",medicina / saúde,"ENCONTROS: 2 encontros presenciais ao longo do ano | PLANEJAMENTO: estratégico de marketing, gestão e treinamento de comunicação com especialistas de forma individual | PLATAFORMA: Plataforma online exclusiva com todos os conteúdos gravados | WHATSAPP: Grupos exclusivos no WhatsApp",faturamento=+50 milhões de faturamento do grupo | faturamento=milhões de faturamento do grupo | socios=+33 sócios | socios=sócios 2640 | colaboradores=2640 colaboradores impactados,106,False,none,,31,8,23,6,19,6
A³,A3,bronze,Augusto Claas | João Brognoli,"A³ é para profissionais da saúde que desejam transformar seu consultório e clínica em um negócio sólido, estruturado e altamente rentável. Crescimento sem fórmulas genéricas, e com ecossistema forte.",medicina / saúde,ENCONTROS: 4 encontros presencial + 8 encontros on-line | ACOMPANHAMENTO: Diagnóstico e Acompanhamento de resultados | TREINAMENTOS: Treinamentos com as equipes | ONE-TO-ONE: mensal,socios=+20 membros e sócios | socios=membros e sócios | indicador=Milhões gerados no ecossistema | indicador=+100 atendimentos mensais,93,False,none,,4,1,3,1,0,3
BE MED,Be Med,bronze,Manuela Carvalhal | Lee Van Diniz,"Nosso clube ajuda médicos a transformar conhecimento em negócios digitais de sucesso, ampliando impacto e conquistando liberdade. Ensinamos a criar infoprodutos como cursos e mentorias, com foco em marketing, vendas e gestão, para que liderem empresas educacionais e construam um legado.",medicina / saúde,ENCONTROS: 2 encontros presenciais por ano e semanais em grupo | PLATAFORMA: exclusiva com todos os encontros e acesso ao Notion personalizado | SUPORTE INDIVIDUAL: desenho do planejamento estratégico e acompanhamento trimestral | EXPERIÊNCIA: visita presencial + gravação de PODCAST,indicador=1 o ecossistema de educação exclusivo para médicos | indicador=Fundadores da maior empresa de | indicador=da maior empresa de educação | indicador=empresa de educação da anestesia | indicador=educação da anestesia do Brasil | indicador=da anestesia do Brasil | indicador=do Brasil,107,False,none,,47,7,40,6,24,17
BLACK DIAMOND,Black Diamond Mentoring,bronze,Walkyria Fernandes,"A Black Diamond é para fisioterapeutas que desejam escalar seu faturamento de clínicas e consultórios através de vendas, marketing, gestão e liderança e/ ou criar e vender um produto digital. Você será acompanhado de perto pela Dra. Walkyria, fisioterapeuta que começou do zero e hoje tem uma empresa de educação digital com mais de 9 mil alunos em 23 países.",fisioterapia,ENCONTROS: 2 encontros presenciais por ano + 24 encontros online | PLATAFORMA: com conteúdos exclusivos da mentoria | MENTORIA INDIVIDUAL: para criar um produto digital e planejamento estratégico na gestão de clínicas | WHATSAPP: grupo exclusivo do Whatsapp com todos membros e mentora,mentorados=+9 mil alunos espalhados em 23 países | faturamento=+60 milhões de faturamento entre os membros do clube | faturamento=milhões de faturamento entre os membros do clube | pacientes=milhões de pacientes atendidos e transformados,108,False,none,,95,41,54,3,92,0
BOOTCAMP,,bronze,Carolina Caribé,"Desenvolver um empreendimento imobiliário viável, isso é, um empreendimento que vende pelo preço que o desenvolver quer, no prazo que ele quer e com o lucro planejado.",imobiliário,ENCONTROS: 1 encontro presencial + 24 encontros online | PLATAFORMA: Acesso à plataforma de aulas gravadas | WHATSAPP: grupo exclusivo do Whatsapp,indicador=20 milhões utilizando a metodologia | faturamento=VGV acima de R$5Bi | mentorados=+60 mentorados,109,False,none,,0,0,0,0,0,0
BRANDÃO CLUB,Brandão Club,bronze,Andreia Brandão | Rodrigo Brandão,Mentoria que combina o conhecimento técnico com o desenvolvimento do empreendedorismo na área de medicina de emergência e hospitalar criando uma educação multiplicadora e formando os líderes da área em nosso país.,medicina / saúde,ENCONTROS: Encontros semanais on-line e 3 Encontros presenciais de um dia | PLATAFORMA: Plataforma aprovada DNA USP com conteúdo técnico | WHATSAPP: Grupo exclusivo de WhatsApp | IMERSÕES: Outras imersões técnicas,indicador=+400 médicos diretamente impactados | indicador=médicos diretamente impactados | mentorados=+40 mentorados 10 | mentorados=mentorados 10 projetos | indicador=10 projetos educacionais desenvolvidos | indicador=projetos educacionais desenvolvidos,110,False,none,,18,5,13,3,4,11
BX CLUB,BX Club,bronze,Junior Nunes,"O BX Club é para empresários e empreendedores que querem crescer servindo com propósito e criando conexões transformadoras. Atuamos em negócios, liderança e expansão. Criamos uma comunidade de alto nível, com foco em mentalidade, marketing, finanças, vendas e governança. Nossa promessa: girar o ponteiro dos negócios e da vida.",educação / mentores,ENCONTROS: 3 encontros presenciais + 9 encontros online durante o ano | ACESSO: a todos os encontros gravados | WHATSAPP: Grupo exclusivo do WhatsApp com todos os membros e mentores | EXPERIÊNCIAS: especiais além da agenda de encontros anuais,indicador=+6 milhões em negócios fechados em um único evento | indicador=milhões em negócios fechados em um único evento | indicador=+30 empresários de sucesso no grupo,111,False,none,,17,2,15,1,7,9
C. NEGOCIOS PARA MULHERES,Clube de Negócios para Mulheres,bronze,Stellinha Santini,"O Clube de Negócios para Mulheres é um ecossistema que reúne empresárias de diferentes áreas em um ambiente de crescimento estratégico. Desenvolve o protagonismo para que assumam o comando dos seus negócios, visibilidade por meio de conexões qualificadas e fortalece a capacidade de gerar vendas e oportunidades em seus mercados.",vendas,ENCONTROS: 4 encontros presenciais + 5 encontros individuais | PLATAFORMA:  | WHATSAPP: Grupo exclusivo no WhatsApp | TREINAMENTOS: treinamento mensal de vendas para colaboradores das empresarias participantes (online),faturamento=+2 bilhões de faturamento | faturamento=bilhões de faturamento | faturamento=24 empresarias de faturamento | faturamento=empresarias de faturamento | indicador=+400 funcionários,115,False,none,,49,18,31,2,14,33
CFO CONTÁBIL,,bronze,Lauri Bencke | Rosane Machado,"O Club CFO Contábil é uma mentoria autopagável para donos de escritório contábil que faturam a partir de R$1mi/ano e estão presos à operação. Ensinamos consultoria financeira em três pilares: Margem, Faturamento e Influência, com networking qualificado entre pares. Você vira CFO estratégico dos clientes, gera novo dinheiro, protege e amplia sua margem.",jurídico,"ENCONTROS: 3 imersões presenciais de 2 dias + 12 encontros online durante o ano | PLATAFORMA: Acesso a conteúdos, estudos de caso, roteiros e frameworks | WHATSAPP: Grupo exclusivo com todos os sócios e mentores para troca diária e networking | KIT CFO: +50 modelos white-label (planilhas, dashboards, propostas, termos) prontos para usar com o cliente",indicador=+10 bi em finanças empresariais geridas e otimizadas pelo | socios=+39 sócios ativos no clube atualmente | indicador=+1500 empresas atendidas com a metodologia do Club CFO Contábil,112,False,none,,0,0,0,0,0,0
CLOSER CLUB,,bronze,Lettícia Nonato,"O Closer Club é para empresários que desejam vender mais, formar um time comercial de alta performance e construir uma empresa previsível e lucrativa. Ao longo da jornada, você desenvolverá vendas, marketing, liderança, gestão comercial e recrutamento, com métodos práticos para escalar o negócio e conquistar mais liberdade através das vendas.",educação / mentores,PLATAFORMA EXCLUSIVA: Encontros online semanais + 3 encontros presenciais por ano. | GRUPO VIP NO WHATSAPP: Grupo exclusivo com todos os membros e a mentora. | PLATAFORMA: Acesso às aulas gravadas e experiências exclusivas. | ACOMPANHAMENTO: Acompanhamento individualizado com Lettícia Nonato.,roi=ROI em torno de 3 meses | indicador=torno de 3 meses | indicador=3 meses,119,False,none,,0,0,0,0,0,0
CLUB OFTALMOBLACK,,bronze,Alex Sá,"OftalmoBlack é para o oftalmologista que quer se tornar referência e autoridade na oftalmologia premium. Um ecossistema completo com método próprio, Sistema Black (CRM e prontuário com IA), tráfego e SEO rodando pela clínica e geração de demanda particular. Menos dependência de convênio, mais faturamento e mais liberdade.",oftalmologia / ótica,"ENCONTROS: 2 encontros presenciais por ano + Encontros semanais online | PLATAFORMA: Plataforma exclusiva com o método dos 15 pilares e todas as aulas gravadas + Comunidade exclusiva no WhatsApp. | SISTEMA BLACK: CRM e prontuário com IA implantados na clínica, para parar de perder lead e escalar com previsibilidade. | MÁQUINA DE DEMANDA: Estrutura de tráfego, SEO e geração de demanda particular para atrair o paciente premium.",indicador=Milhões de seguidores somados entre os médicos do | indicador=+419 mil seguidores no @dralexsa | mentorados=R$ de 7 dígitos/mês o patamar dos mentorados que | mentorados=dígitos/mês o patamar dos mentorados que mais escalaram,126,False,adjacent,"menciona IA como pilar/ferramenta, não como tese",0,0,0,0,0,0
CLUB V.E.R,Club V.E.R.,bronze,Edu Mariano Jr,"Mais do que uma mentoria, o CLUB V.E.R. é um ecossistema exclusivo para donos de escritórios de advocacia que desejam modernizar suas operações, crescer de forma estruturada e construir empresas jurídicas preparadas para o futuro. O CLUB V.E.R. é para Advogados experientes e donos de escritórios consolidados.",jurídico,ENCONTROS: Encontros coletivos online mensais + 1 imersão presencial por ano. | WHATSAPP: Grupo exclusivo para acompanhamento e trocas. | PLATAFORMA: Plataforma com acesso à metodologia. | ACOMPANHAMENTO: Encontros individuais.,,118,False,none,,8,0,8,3,0,5
CLUBE DE MENTORES,,bronze,Cristiano Ferreira,Clube para Advogados.,jurídico,ENCONTROS: Encontros on-line e presenciais,socios=50 sócios advogados mentores,116,False,none,,0,0,0,0,0,0
CLUBE DE SUCESSO,Clube de Sucesso,bronze,Renato de Saldanha,"Liderado por Renato de Saldanha, o Clube de Sucesso é o primeiro hub a integrar Pessoas, Conhecimento e IA em um único ecossistema para experts, mentores e empresários que desejam estruturar negócios previsíveis, lucrativos e escaláveis. Em 90 dias, instala cockpit central, processos comerciais com automações inteligentes, agentes de IA e operação autônoma.",educação / mentores,"PLATAFORMA EXCLUSIVA: Hub digital com toda a metodologia do Clube de Sucesso organizada em trilhas progressivas | GRUPO VIP NO WHATSAPP: Comunidade com Renato de Saldanha e membros, focada em networking, direcionamentos e troca de experiências. | INTELIGÊNCIA ARTIFICIAL: Agentes de IA para leads, follow-up e otimização comercial, com tutor 24/7 | ADVISOR MEETING 1:1 TRIMESTRAL: Reunião com Renato para análise estratégica, ajustes e definição dos próximos passos.",indicador=+R$28 milhões gerados em novos negócios | indicador=milhões gerados em novos negócios | indicador=+288 lançamentos executados | indicador=+10 anos de atuação no mercado digital,117,False,adjacent,"menciona inteligência artificial no texto, sem ser o núcleo do clube",4,2,2,1,0,3
CLUBE DO AUTOR PALESTRANTE,Clube do Autor Palestrante,bronze,Anderson Cavalcante,"O Clube do Autor Palestrante é uma mentoria conduzida por Anderson Cavalcante, criada para profissionais e empresários que desejam transformar sua experiência em livro publicado, palestras bem posicionadas e autoridade no mercado. Desenvolva seu posicionamento para escalar seu faturamento e criar oportunidades reais de dominar o seu mercado.",educação / mentores,"ENCONTROS ONLINE: Quinzenais em formatos de aulas e de hotseats de perguntas e respostas | ENCONTROS PRESENCIAIS: Ao longo de um ano você terá 2 encontros presenciais | CONSULTORIA DE PALESTRAS: Você terá uma consultoria individualizada de 6 sessões para criar, melhorar e vender sua palestra | CONCURSO INTERNO: Concurso de palestras onde o vencedor palestra no Japão com tudo pago. Iniciando sua carreira internacional",indicador=+270 milhões de livros vendidos | indicador=milhões de livros vendidos | indicador=+4000 palestras negociadas | indicador=palestras negociadas | indicador=+57 best sellers | indicador=best sellers | indicador=sellers,113,False,none,,7,3,4,5,0,2
CLUBE LUX,Clube Lux,bronze,Daves Davoli,"O ClubeLux é o ambiente estratégico para líderes do varejo óptico que querem escalar. Mentoria com nomes de peso, estratégias usadas pelas maiores redes do mundo e networking nacional e internacional para acelerar resultados. Crescimento real para quem pensa grande.",educação / mentores,ENCONTROS: 3 encontros presenciais de 2 dias + 1 encontro presencial Internacional + 18 encontros online | PLATAFORMA: de vídeos online | WHATSAPP: Grupo exclusivo no WhatsApp | TREINAMENTOS: 6 treinamentos anuais para as equipes dos varejistas,socios=32 sócios | unidades=200 lojas,114,False,none,,17,8,9,2,2,13
CMN BUSINESS,CMN Business,bronze,Suelio Nunes,"O CMN Business é um hub criado para reunir empresários que desejam crescer com estratégia, construir alianças e estruturar seus negócios com inteligência. Nosso objetivo é conectar empresários a conhecimento prático, networking qualificado e oportunidades reais de crescimento empresarial, aumento de vendas e expansão patrimonial.",educação / mentores,ENCONTROS: 3 encontros presenciais exclusivos e 9 encontros online ao longo do ano | PLATAFORMA: Acesso à plataforma premium de conteúdos | WHATSAPP: Grupo exclusivo no WhatsApp para networking e negócios,indicador=+100 empresários atendidos por ano | indicador=+1 bilhão movimentado em negócios nos últimos anos | indicador=+12 anos ajudando empresários a crescer,122,False,none,,19,9,10,5,0,14
CONNECTION CLUB,Connection Club,bronze,Whill Silva,"Clube para empresários do varejo óptico que desejam escalar seus negócios com base na jornada do Empreendedor Visionário. Com 19 anos de experiência, Whill Silva lidera temas como Marketing, Vendas, Liderança, Gestão e Equity, guiando os membros da visão ao legado com estratégia, comunidade e resultado real.",vendas,ENCONTROS: 3 Encontros Experience de 2 dias + 9 Encontros Online Exclusivo para Sócios | TREINAMENTOS: Treinamentos Mensais Online para Time de Sócios | WHATSAPP: Grupo Exclusivo no WhatsApp | ACESSO: a Ferramentas e Tecnologias para acelerar seus Resultados,indicador=Primeiro Ecossistema do Ramo | indicador=Ecossistema do Ramo Óptico | indicador=do Ramo Óptico Nacional. | indicador=Óptico Nacional. | indicador=Nacional.,120,False,none,,66,6,60,4,17,45
CREDI+ CLUB,Credi+ Club,bronze,Denny Roger | Marco Sousa | Jorge Azevedo,"Credi+ Club é para grandes empresas com exposição relevante em crédito e contas a receber, que desejam modernizar a operação financeira e reduzir o risco cibernético.",finanças / investimentos,"ENCONTROS: 2 encontros presenciais | FERRAMENTAS: Acesso a ativos de produtividade financeira. | EXPERIÊNCIAS: Visitas às operações de líderes do mercado em inovação financeira. | ACOMPANHAMENTO: Sessões quinzenais sobre crédito, cobrança e cibersegurança.","indicador=+ 100 milhões de impacto no ebitda | indicador=milhões de impacto no ebitda | indicador=Top 1 LinkedIn voice | indicador=+80 alavancas de valor em crédito, cobrança e cyber",125,False,none,,3,0,3,3,0,0
CRESCIMENTO4U,Crescimento4U,bronze,Gustavo Caletti | Caio Barbosa,Nosso propósito é transformar empresários em protagonistas de verdadeiras revoluções. Focado em empresários contábeis e especialistas que querem escalar seus negócios com estratégia.,contábil,ENCONTROS: 3 encontros presenciais exclusivos | PLATAFORMA: Acesso à plataforma exclusiva | MENTORIA: 12h de Mentoria exclusiva presencial ou online + em grupo,socios=15 bi de gestão de patrimônio de clientes dos sócios | socios=gestão de patrimônio de clientes dos sócios | socios=6.000 conexões com as empresas clientes dos sócios | socios=conexões com as empresas clientes dos sócios | indicador=90.000 pessoas impactadas diretamente | indicador=pessoas impactadas diretamente,123,False,none,,71,9,62,5,14,52
DBC,DBC Mentory,bronze,Kariny Werle,"Pare de trabalhar como profissional. Comece a liderar como empresário. O DBC ajuda clínicas e consultórios a construírem lucro, previsibilidade e crescimento sustentável através de gestão, vendas e liderança aplicadas à realidade da saúde.",medicina / saúde,"ENCONTROS: 2 encontros presenciais por ano + Encontros coletivos online quinzenais | PLATAFORMA: Ferramentas, mapas e métodos replicáveis. Materiais estratégicos para gestão de pessoas, financeiro e vendas | WHATSAPP: Grupo exclusivo com mentores e CEOs. Suporte contínuo, objetivo e estratégico | IMERSÕES / EXPERIENCE: Role Play real de vendas, comunicação, objeções e posicionamento. Construção guiada de processos, modelo de",socios=28 membros ativos | socios=membros ativos +30% | mentorados=+30% na lucratividade dos mentorados em 1 mês | indicador=+1.5 milhões faturados em vendas de mentoria | indicador=milhões faturados em vendas de mentoria em 60 dias | indicador=+25 anos de atuação no mercado 127,127,False,none,,37,6,31,4,8,25
DELIVERY CLUB,Delivery Club,bronze,João Barcelos,"João Barcelos, Especialista número 1 em Delivery no Brasil, criou o Delivery Club para reunir grandes empresários do setor de alimentação e contribuir com o crescimento do mercado através da educação.",educação / mentores,ENCONTROS: 3 encontros presenciais ao longo do ano com 2 dias de encontro + 3 encontros em grupo por mês | EXCLUSIVO: experiências trimestrais | WHATSAPP: grupo no WhatsApp com mentores,socios=+30 sócios no grupo | socios=sócios no grupo | indicador=+3000 deliverys impactados | faturamento=+500 milhões faturamento total do grupo | faturamento=milhões faturamento total do grupo,129,False,none,,48,5,43,4,12,32
DENTISTA DE ALTO VALOR,Dentista de Alto Valor,bronze,Victor Nastri | Julia Ferreri,"Para dentistas e profissionais da harmonização que decidiram se tornar empresários. O programa desenvolve habilidades que vao além da técnica como posicionamento, marketing, vendas, gestão e liderança. Construindo um negócio sólido, lucrativo, escalável e reconhecido com previsibilidade e autoridade no mercado",odontologia,"ENCONTROS: semanais on-line + 3 eventos presenciais de 2 dias por ano + 1 encontro individual | PLATAFORMA: personalizada com metodologia, conteúdos e materiais | WHATSAPP: Grupo exclusivo no WhatsApp | EXPERIÊNCIA: de dentista para dentista",mentorados=+30 mentorados | indicador=+150 milhões faturados com metodologia | indicador=milhões faturados com metodologia | mentorados=+18 mil alunos,128,False,none,,23,12,11,1,3,19
DOC EVOLUTION,Doc Evolution,bronze,Juliana Matos | Cristina Gonçalves | Alessandra Garlera,"Mentoria com foco em vendas, liderança e gestão para profissionais da área da saúde e empresários, através de uma Jornada de Ação e Crescimento que vai te levar a realizar ações que acelerarão seus resultados através de vendas ativas, implementação de uma cultura empresarial de resultado, e modelo de negócio lucrativo.",medicina / saúde,ENCONTROS: Encontro presencial + Encontro online individual e em grupo | PLATAFORMA: Plataforma exclusiva com a gravação dos encontros ao vivo | WHATSAPP: Grupo de WhatsApp com todos os membros e as mentoras | ACOMPANHAMENTO: Acompanhamento individualizado com as mentoras,indicador=+ 10 anos como mentoras empresariais | indicador=anos como mentoras empresariais | indicador=+6 mil líderes empresariais atendidos | indicador=líderes empresariais atendidos,124,False,none,,9,6,3,3,1,5
DPV CLUB,DPV Club,bronze,Paulo Vinícius,"Para dentistas que desejam evoluir como líderes, crescer nos negócios, aumentar autoridade e escalar resultados. Uma comunidade premium, estratégica e empreendedora. Abordamos branding, gestão, posicionamento e influência. A entrega: evolução real e lucrativa.",odontologia,"ENCONTROS: 3 encontros presenciais, 12 encontros individuais e 24 em grupo por ano | PLATAFORMA: personalizada com todos os conteúdos e materiais extras | WHATSAPP: grupo de WhatsApp direcionado e ativado pelo mentor | CLUBES DE DESENVOLVIMENTO: de novos produtos e negócios.",faturamento=+80 milhões de faturamento no grupo | faturamento=milhões de faturamento no grupo | socios=+50 sócios no grupo | colaboradores=+200 mil colaboradores impactados,130,False,none,,8,4,4,2,6,0
EDUCATION SOCIETY CLUBE,,bronze,Faby Leite | Francelino Neto,"A mentoria é um HUB de aceleração de negócios criado por Francelino Neto e Fabiana Leite após construírem um ecossistema que faturou mais de 100MM nos últimos 4 anos, com o objetivo de expandir 10x mais empresas através da educação.",educação / mentores,ENCONTROS: 2 encontros presenciais no ano | WHATSAPP: Grupo exclusivo no whatsapp para networking com sócios e mentores | EXPERIENCIAS: Experiências exclusivas,indicador=bilhões movimentados em todo o ecossistema | socios=+55 sócios no grupo | socios=sócios no grupo,137,False,none,,0,0,0,0,0,0
EDUCAÇÃO EMPRESARIAL PARA DENTISTAS,,bronze,Cacá Godoy | Kelly Godoy,"A EED é uma mentoria para dentistas que querem transformar sua clínica em uma empresa lucrativa e organizada. Unimos estratégia, processos, gestão, finanças, vendas, treinamento de times e liderança para formar dentistas empresários, capazes de crescer estruturados em método, visão e liberdade.",odontologia,ENCONTROS: 2 encontros presenciais + encontros online individuais e em grupo | PLATAFORMA: Conteúdos gravados disponíveis na plataforma. | WHATSAPP: grupo exclusivo com os mentores para acompanhamento e trocas diárias.,indicador=+20 anos de experiência compartilhada | unidades=+50 clínicas impactadas | mentorados=90% dos mentorados melhoram resultados em menos de 3 meses,132,False,none,,0,0,0,0,0,0
ELEVARE GROUP,Elevare Group,bronze,Içara Bajadares,Elevare: o clube exclusivo que ELEVA SUA AUTORIDADE E IMPULSIONA O SUCESSO DO SEU NEGÓCIO. Unimos a força de Mastermind (grupo de pares) e Mentoria (orientação de especialistas) para empresários que buscam crescimento e expansão. Içara Bajadares e mentores guiam na construção de autoridade e estratégias eficientes para resultados empresariais duradouros.,educação / mentores,"ENCONTROS: 08 híbridos + 03 online + 03 presenciais nacionais durante o ano | TUTORIAIS: Encontros itinerantes nos principais centros econômicos do Brasil, conectando conhecimento e networking estratégico | EXCLUSIVIDADE: Mentoria individual para criar planos de ação estratégicos alinhados aos OKRs do negócio | EXPERIÊNCIAS: Grupo exclusivo com todos os membros e os mentores",indicador=+36 mil conexões ativas em todo o Brasil | indicador=conexões ativas em todo o Brasil | indicador=+1.000 negócios conectados em um mesmo | indicador=negócios conectados em um mesmo ecossistema | indicador=+5.000 empresários aprimorados em soluções | indicador=empresários aprimorados em soluções empresariais,133,False,none,,19,12,7,2,17,0
ELITE PREMIUM,Elite Premium,bronze,Querobin | Kennedy,"Para empreendedores que recusam ser amadores. Aqui formamos empresários de verdade, prontos para escalar com inteligência, estrutura e lucro. A jornada é de alta performance: vendas, gestão, IA e mentalidade. A promessa? Transformar negócios comuns em máquinas que crescem e prosperam.",educação / mentores,ENCONTROS: 4 encontros online por mês e 1 encontro presencial de dois dias por ano | ACOMPANHAMENTO: personalizado | WHATSAPP: Acompanhamento individual pelo WhatsApp,socios=+R$200 milhões gerados pelos membros | socios=milhões gerados pelos membros | mentorados=145 mentorados Presente | indicador=Presente em todos os estados | indicador=em todos os estados do país | indicador=os estados do país | indicador=do país,134,False,adjacent,"menciona IA como pilar/ferramenta, não como tese",87,15,72,3,36,48
ELOCLUB,EloClub,bronze,Alderito Assis | Thiago Quintana,"O ELOCLUB é um ecossistema premium para advogados que já têm equipe e querem escalar seus escritórios com visão empresarial, processos eficientes e liderança estratégica. Mais que um método, é uma comunidade prática e de alto nível, com conexões e foco em lucro, liberdade e legado.",jurídico,ENCONTROS: 2 encontros presenciais e 48 encontros online ao ano | PLATAFORMA: plataforma exclusiva com todos os encontros gravados e uma trilha de aprendizado da metodologia | WHATSAPP: grupos exclusivos | DIAGNÓSTICO INDIVIDUAL: mapeamento do escritório + plano de ação personalizado,faturamento=+100 milhões de faturamento total do grupo | faturamento=milhões de faturamento total do grupo | socios=+45 membros no grupo | indicador=+700 profissionais treinados,135,False,none,,28,5,23,5,14,9
ESCALADOC,Escala Doc,bronze,Marcelo Protásio | Guilhermino Nogueira,"Mentoria para médicos que desejam escalar faturamento com ética e previsibilidade. Voltada a profissionais que querem estruturar linhas de cuidado, programas de acompanhamento e vendas consultivas. Comunidade de médicos ambiciosos e colaborativos. Aprende posicionamento, prospecção, marketing e gestão. Promessa: transformar consultório em negocio lucrativo.",medicina / saúde,ENCONTROS: 2 encontros presenciais no ano | EXPERIENCIAS: Experiencias exclusivas | WHATSAPP: Grupo exclusivo de Whatsapp,"faturamento=+1,5 bilhão de faturamento em 3 meses | faturamento=bilhão de faturamento em 3 meses | mentorados=+25 mentorados em 3 meses | mentorados=mentorados em 3 meses",136,False,none,,21,16,5,3,8,10
EXECUTE,Execute,bronze,Andressa Prestes,"Para líderes, empresários e executivos experientes que já têm resultados, mas querem elevar autoridade e margem com posicionamento estratégico. Área: comunicação, posicionamento e arquitetura de autoridade. Comunidade estratégica, executora e madura. Trabalhamos clareza, narrativa, método e presença. Promessa: ocupar lugar de referência também no digital.",educação / mentores,ENCONTROS: 3 Encontros presenciais por ano + 6 encontros individuais | HOT SEAT: Mensal + Plantões de dúvidas quinzenais Online | EXPERIÊNCIAS: especiais além da agenda de encontros com convidados | WHATSAPP: Grupo Exclusivo no Whatsapp,mentorados=+400 mentorados impactados | socios=+ 50 membros ativos | faturamento=+2 milhões de faturamento | faturamento=milhões de faturamento,138,False,none,,21,6,15,3,3,15
FOODCLUB,,bronze,Norma Waichert | Thiago Lupatini,"O FoodClub é um programa intensivo para empresários da alimentação que desejam escalar seus negócios por meio de vendas, gestão, liderança, marketing e modelo de negócios. O programa proporciona acesso a eventos, mentorias com especialistas, rodadas de negócios e uma rede de grandes líderes do setor.",educação / mentores,"ENCONTROS: 2 presenciais anuais, 24 online e 4 individuais | PLATAFORMA: Acesso a conteúdos gravados e materiais exclusivos | GRUPO EXCLUSIVO: Interação com membros, mentores e consultores | EXPERIÊNCIAS: Eventos especiais além da programação padrão",faturamento=+ 100 milhões de faturamento | faturamento=milhões de faturamento | socios=+ 30 membros ativos | indicador=+ 20 anos de experiência no setor,139,False,none,,0,0,0,0,0,0
FORTUNA CLUB,Fortuna Club,bronze,Igor Finger,"Clube focado na condução de empresário(a) nos ajustes para fazer mais dinheiro e aumentar o lucro do negócio. A partir da criação do Plano Fortuna, baseado no método 3Fs (fundamentos, financeiro e força motriz), quem integra o clube reconhece a fase do seu negócio e é orientado ao que fazer para aumentar receita, diminuir custo e aumentar o lucro.",medicina / saúde,ENCONTROS: 10 encontros online e 2 encontros presenciais; | PLANO FORTUNA: ações a serem feitas para geração de lucro; | WHATSAPP: grupo com estímulo em fazer novos negócios | ACESSO: Individualizado com Igor Finger,indicador=Único clube liderado por um doutor em | indicador=clube liderado por um doutor em psicologia para | indicador=+18 mil horas de atendimento,182,False,none,,18,4,14,4,8,6
GERAÇÕES CLUB,Gerações Club,bronze,Larissa Lopes | Norma Jean | Vinicius Firmino | Talita Lima Freitas,"Um ecossistema para empresas familiares que buscam perenidade, sucessão bem feita e conexão com os valores que importam. Cresça com estratégia e harmonia, fortalecendo sua empresa sem abrir mão da família, da qualidade de vida e da visão de futuro.",educação / mentores,ENCONTROS: 3 encontros presenciais de 2 dias por ano E 12 online em grupo | PLATAFORMA: online com acesso de onde e quando quiser | MENTORIA INDIVIDUAL: orientação exclusiva dos mentores para direção nos negócios | WHATSAPP: grupo exclusivo com os mentores e membros do clube,faturamento=+50 milhões de faturamento movimentado | faturamento=milhões de faturamento movimentado pelo grupo | socios=+45 sócios no grupo | indicador=+50% do grupo é composto pela geração Y e Z,141,False,none,,14,8,6,2,1,11
GMIND,GMind,bronze,Elcio Ghioto | Janaína Ghioto,"Ideal para empresários, executivos e famílias empreendedoras comprometidas com o crescimento sustentável e a construção de um legado duradouro. Focado no fortalecimento de famílias e negócios, aborda gestão e governança, cultura e espiritualidade, planejamento financeiro e tributário, inovação e sucessão empresarial. Promove alianças de excelência, mentoria de alto nível e alinhamento entre negócios e valores familiares, com a promessa de equilíbrio, expansão sustentável e impacto geracional.",contábil,PRESENCIAL: 4 encontros de 2 dias por ano | PLATAFORMA: plataforma exclusiva | WHATSAPP: grupo com todos os membros | ENCONTROS: 12 encontros online por mês,socios=+30 membros no clube | faturamento=+80 milhões de faturamento no grupo | faturamento=milhões de faturamento no grupo | indicador=dezenas de famílias impactadas,143,False,none,,22,5,17,4,2,16
GUIA-SE CLUB,Guia-se Club,bronze,Zé Rubens Oliva,"Mentoria para empreendedores inquietos que querem encontrar novos lucros em seus negócios através de criação de novos produtos, marketing e vendas. Nessa mentoria você encontra novos lucros escondidos.",educação / mentores,ENCONTROS: 3 encontros presenciais de 1 ou 2 dias ao longo do ano e encontros mensais online | PLATAFORMA: Plataforma com os encontros gravados | TREINAMENTO/SUPORTE: treinamento e suporte de marketing e IA para o time | WHATSAPP: Grupo exclusivo de WhatsApp,indicador=+100 milhões | indicador=milhões | socios=+30 sócios | socios=sócios | colaboradores=+300 colaboradores | colaboradores=colaboradores,145,False,adjacent,"menciona IA como pilar/ferramenta, não como tese",27,7,20,5,5,17
GUIAR BUSINESS,Guiar Business,bronze,Natally Azevedo,"Programa estratégico focado na estruturação de processos, capacitação de pessoas e construção de ecossistemas com múltiplas fontes de renda, que se destaca pela organização das empresas, fortalecimento de empresários e direcionamento eficaz, com retorno metrificado e clareza em cada ação, visando resultados concretos.",educação / mentores,ENCONTROS: 2 encontros prensenciais + 40 encontros online no ano | SOS: 3 Call SOS | WORKSHOPS: exclusivos | EXPERIÊNCIAS: Mapeamento empresarial com ferramentas exclusivas,indicador=+700 ecossistemas estruturados | indicador=+1 Bilhão faturados por novos ecossistemas | mentorados=90% dos mentorados tiveram ROI antes do 4 mes,144,False,none,,23,6,17,5,5,13
HARD SALES CLUB,Hard Sales Club,bronze,Paulo Kalim,"O Hard Sales Club é para empresários e mentores que vendem serviços de alto valor e querem escalar. Comunidade focada em estrutura do serviço, indicadores, canais, processos e times comerciais. Você será guiado para construir o processo comercial certo e praticar o maior ticket que seu negócio permite, vendendo mais e melhor, com previsibilidade e margem.",educação / mentores,ENCONTROS: 6 sessões individuais+ 24 sessões quinzenais online em grupo + 2 eventos presenciais. | ACOMPANHAMENTO: 6 treinamentos de vendas para o mentorado e o seu time comercial. | WHATSAPP: Contato direto com Paulo Kalim e com a comunidade HSC | PLATAFORMA: Ferramentas Exclusivas e gravação de todos os encontros.,"indicador=14 anos em vendas | indicador=+100 milhões em vendas high ticket geradas | indicador=milhões em vendas high ticket geradas | indicador=De vendedor a diretor comercial | indicador=a diretor comercial de Flávio Augusto, Caio Carneiro e Joel Jota | indicador=comercial de Flávio Augusto, Caio Carneiro e Joel Jota",149,False,none,,3,0,3,3,0,0
HIPER² CLUB,Hiper² Club,bronze,Vivi Távora,"O Hiper² Club é para mentores, especialistas, consultores e empresários que querem estruturar e amplificar sua mensagem. Durante o programa você constrói seu Conjunto de Obra: sistema de 10 livros que servem à venda, à entrega e à escala do seu negócio. É liderado por Vivi Távora, autora best-seller, criadora do método e do movimento que liberta mensagens.",educação / mentores,"ENCONTROS: 2 encontros presenciais por ano + encontros online semanais. | ACOMPANHAMENTO: 3 sessões individuais com a mentora Vivi Távora e acompanhamento contínuo. | CONSTRUÇÃO: Acompanhamento no desenvolvimento de 5 livros internos e 5 livros externos. | PLATAFORMA: Método Conjunto de Obra, gravações e mais de 10 ferramentas proprietárias.",socios=10 livros sendo criados por sócio | socios=+30 métodos de sócios no clube | indicador=+900 capítulos sendo escritos,151,False,none,,3,0,3,3,0,0
HOME CARE CLUB,Home Care Club,bronze,Mancussi | Fernando Carvalho | Gustavo,"O Home Care Club é um ecossistema de desenvolvimento empresarial criado para acelerar o crescimento e a profissionalização das empresas de Home Care no Brasil. Um espaço para fortalecer empresários, compartilhar experiências, construir negócios mais sólidos e elevar o nível de um setor que impacta diariamente pacientes, famílias e profissionais.",medicina / saúde,ENCONTROS: 3 Encontros presenciais de 2 dias + encontros semanais durante o ano | WHATSAPP: grupo exclusivo do whatsapp com todos os sócios e mentores | EXPERIÊNCIAS: experiências especiais além da agenda de encontros anuais | PLATAFORMA: Plataforma exclusiva com todos os encontros gravados,socios=+40 sócios no grupo | faturamento=+150 milhões de faturamento | faturamento=milhões de faturamento total do grupo | indicador=+15 estados representados,152,False,none,,2,1,1,2,0,0
HTA CLUB,HTA Club,bronze,Natasha Okada,"Um clube premium para empresários, profissionais liberais e mentores que desejam escalar seu faturamento através de vendas, marketing, gestão e modelo de negócios, com um método validado para criar, vender, entregar e escalar suas ofertas de alto valor, além da participação em um forte grupo para fortalecer networking e conexão espiritual.",educação / mentores,ENCONTROS: 2 encontros presenciais ao longo do ano e 24 encontros online (quinzenais) | ACOMPANHAMENTO: individualizado com Natasha Okada | WHATSAPP: grupo exclusivo de networking com todos os membros e mentores | PLATAFORMA: com conteúdo exclusivo da mentora,faturamento=+8 dígitos de faturamento movimentado | faturamento=dígitos de faturamento movimentado pelo grupo | faturamento=80% dos mentorados aumentaram seu faturamento em | socios=+ 35 membros no clube | socios=membros no clube,150,False,none,,2,0,2,0,0,2
IMPACTO CLUB,Impacto Club,bronze,Fabinho Nascimento | Arthur Aguiar,"Fabinho Nascimento e Arthur Aguiar, unem suas experiências para a criação de um ecossistema, onde os grandes se conectam para crescer juntos. Um clube de empresários é sobre ""acesso"". Acesso a pessoas, ideias, estratégias e oportunidades que não estão disponíveis em qualquer lugar. O impacto Club nasceu para formar líderes que fazem acontecer.",educação / mentores,ENCONTROS: 3 Encontros anuais com duração de 3 dias + 4 Imersões educacionais | HOTSEAT: com mentores | WHATSAPP: Grupo exclusivo de WhatsApp | EXCLUSIVO: Acesso a experiências exclusivas,faturamento=+150 milhões de faturamento total do grupo | faturamento=milhões de faturamento total do grupo | indicador=+100 empresas no grupo | indicador=empresas no grupo | indicador=+30 segmentos empresariais dentro do grupo | indicador=segmentos empresariais dentro do grupo,153,False,none,,132,29,103,5,46,81
IMPACTUS CLUB,Impactus Club,bronze,Cássio Raimundo,"Clube de mentoria para empresários que decidiram profissionalizar seus negócios. O DPV Club reúne donos comprometidos com crescimento real, performance e gestão estruturada. Trabalhamos estratégia, vendas, liderança, finanças e mentalidade. A promessa é transformar negócios em empresas organizadas, lucrativas e sustentáveis.",educação / mentores,ENCONTROS: 2 encontros presenciais e mais de 100 aulas ao vivo durante o ano | PLATAFORMA: Plataforma exclusiva com todos os encontros gravados | WHATSAPP: grupo exclusivo com todos os sócios e mentores | EXPERIÊNCIAS: Experiências especiais com cases de sucesso e encontros de network durante o ano,faturamento=+60 milhões em faturamento somado das | faturamento=milhões em faturamento somado das empresas no Club | colaboradores=Centenas de colaboradores impactados através das empresas | indicador=Dezenas de empresas ativas | indicador=empresas ativas | indicador=ativas 131 |,131,False,none,,107,20,87,5,35,67
IMPULSE CLUB,Impulse Club,bronze,Jonas Matos,"Clube de empresários multisetoriais que buscam crescimento acelerado, conexões estratégicas e uma mentalidade de alta performance. O Impulse é mais que um grupo — é um movimento de líderes que se impulsionam mutuamente a alcançar o extraordinário.",educação / mentores,"ENCONTROS: 3 imersões presenciais ao longo do ano + master classes mensais. | PLATAFORMA: exclusiva de mentorias gravadas. | WHATSAPP: Comunidade Exclusiva de WhatsApp | EXPERIÊNCIAS: Experiências especiais, além das agendas de encontros.",indicador=+ 25 anos do mentor empreendendo | indicador=do mentor empreendendo e assessorando empresários de variados | faturamento=+700 milhões de faturamento no grupo | faturamento=milhões de faturamento no grupo,158,False,none,,22,13,9,5,17,0
INEVITUS CLUB,Inevitus Club,bronze,Bruna Madrid | Danilo Vilar,"A INEVITUS reúne empresários, médicos, donos de clínicas e especialistas que buscam o próximo nível de crescimento. Por meio de posicionamento estratégico, vendas, liderança, gestão e educação executiva, ajudamos nossos membros a construir negócios mais lucrativos, previsíveis e escaláveis, tornando-se referência e inevitáveis em seus mercados.",medicina / saúde,ENCONTROS: 2 encontros presenciais durante o ano | WHATSAPP: grupo exclusivo com todos os sócios e mentores | ONLINE: 24 encontros em grupo online + mentoria bônus,"indicador=+600 empresários e profissionais atendidos pelos mentores | indicador=+10 mil vidas impactadas por mentorias, treinamentos e educação executiva | indicador=+10 milhões faturados pelos mentores no mercado de educação | indicador=milhões faturados pelos mentores no mercado de educação e mentorias",160,False,none,,35,15,20,4,6,25
INFLUÊNCIA MÉDICA,,bronze,Marcelo Kierszenbaum,"Mentoria para médicos que desejam assumir uma posição de destaque no mercado, construindo autoridade, influência e previsibilidade de faturamento. Ao longo do processo, o médico aprende a estruturar planos de acompanhamento multidisciplinar de alto valor, fortalecer seu posicionamento e presença profissional e desenvolver um modelo de negócio personalizado, desenhado individualmente ao lado do mentor para aumentar faturamento com clareza e consistência.",medicina / saúde,ENCONTROS: Encontros online com o mentor | PLATAFORMA: plataforma com aulas e acesso a ferramentas exclusivas | WHATSAPP: grupo exclusivo de WhatsApp | EXPERIÊNCIAS: Uma imersão presencial por ano,indicador=Centenas de médicos transformados | indicador=de médicos transformados | indicador=transformados,159,False,none,,0,0,0,0,0,0
KAIRÓS LEGACY CLUB,Kairós Legacy Club,bronze,Suelen Jacomini | Eduardo Naldo,"O Kairós Legacy é um clube exclusivo para empresários, autônomos e mentores que querem escalar o seu faturamento através de mentorias com ofertas de alto valor. Uma metodologia validada, que ensina a criar, vender e escalar mentorias. Um ecossistema de conexão e networking e baseado em valores e princípios.",educação / mentores,ENCONTROS: 2 encontros presenciais no ano + 24 encontros online quinzenais | PLATAFORMA: acesso a área de membros + tutoriais em grupo com especialistas convidados. | WHATSAPP: grupo exclusivo para acompanhamento | EXPERIÊNCIAS EXCLUSIVAS: ao longo do ano.,faturamento=+21 milhões de faturamento total do grupo | faturamento=milhões de faturamento total do grupo | indicador=+100 mentores formados pelo método | indicador=+14 anos de experiência em vendas | indicador=anos de experiência em vendas,161,False,none,,12,6,6,3,3,6
LEADERSHIP CLUB,Leadership Club,bronze,Sabrina Bogiani,"Para empresários que decidiram Escalar e Prosperar seu negócio construindo um Time engajado, construído por Líderes Sistêmicos. Atraindo os melhores profissionais para sua empresa.",educação / mentores,ENCONTROS: 3 encontros presenciais de 2 dias + 9 online durante o ano + 9 Constelações Organizacionais | FERRAMENTAS: Ferramentas de Team Building | WHATSAPP: grupo exclusivo do Whatsapp com todos os membros e os mentores | EXPERIÊNCIAS EXCLUSIVAS: Experiências fora da agenda,indicador=+15 mil horas treinando times de alta performance | indicador=horas treinando times de alta performance | mentorados=+600 alunos na Liderança seu negócio | indicador=+78% renovação e engajamento,162,False,none,,1,1,0,0,0,1
LEGACY BUSINESS CLUB,Legacy Business Club,bronze,Waldo Souza | Alberto Machado,"Para líderes que almejam resultados e legado, o Legacy Business Club é a união da visão estratégica de Waldo Souza, das conexões de Helbert Luciano e da governança de resultados de Alberto Machado. Somos uma rede exclusiva de empresários, que trocam experiências e conhecimentos, que impulsionam seu crescimento prático, construindo negócios de impacto.",educação / mentores,"ENCONTROS: 2 encontros presenciais de 2 dias, 16 Encontros online durante o ano e 3 Agendas Individuais (1:1 com 1 mentor) | PLATAFORMA: App exclusivo Connect (IOS e Android), Plataforma exclusiva (aulas e encontros gravados) | WHATSAPP: Grupo exclusivo do WhatsApp com todos os sócios e os mentores | EXPERIÊNCIAS: Experiências especiais além da agenda de encontros anuais",faturamento=+200 milhões de faturamento dos sócios | faturamento=milhões de faturamento dos sócios | socios=+30 sócios no clube | socios=sócios no clube | colaboradores=+5mil colaboradores impactados,165,False,none,,13,2,11,4,1,8
LEGACY CLUB,Legacy Club,bronze,Bruno Fazanaro | Jacque Fazanaro,"O Legacy Club é uma mentoria estratégica para empresários e casais empreendedores que desejam crescer mais rápido com decisões mais inteligentes e direcionamento empresarial. Fundado pelo casal Bruno e Jacque Fazanaro, o Legacy reúne líderes que desenvolvem negócios lucrativos, fortalecem suas famílias e constroem um legado que vai além dos números. Empresas do grupo já chegaram a dobrar e até triplicar seu faturamento.",educação / mentores,ENCONTROS: Mentorias quinzenais online em grupo + 3 eventos presenciais ao longo do ano | AÇÕES FILANTRÓPICAS: Experiências sazonais em casas de acolhimento infantil | WHATSAPP: Grupo exclusivo com todos os membros e mentores | EXPERIÊNCIAS: 2 viagens em família + 2 visitas a empresas referência,indicador=+30 anos somados de experiência | indicador=anos somados de experiência em negócios | faturamento=+50 milhões de faturamento total no grupo | faturamento=milhões de faturamento total no grupo | roi=ROI 5X no resultado médio do grupo,166,False,none,,30,8,22,0,12,18
LEGACY IMOB CLUB,Legacy Imob Club,bronze,Paulo Castro | Renata Bilhim,"O Legacy Imob Club é um clube exclusivo para empresários e investidores que desejam dominar o jogo do mercado imobiliário, conectando-se com os principais players e acessando estratégias de alto nível para multiplicar patrimônio, acelerar negócios e criar oportunidades lucrativas.",imobiliário,ENCONTROS: 3 encontros presenciais imersivos ao longo do ano + 9 online | PLATAFORMA: plataforma exclusiva de membros | WHATSAPP: grupo exclusivo de WhatsApp | EXPERIÊNCIAS: 1 experiência internacional por ano,indicador=+320 mil m² de imóveis construídos e negociados +1 bilhão | indicador=+1 bilhão de FGV na incorporação imobiliária | indicador=de FGV na incorporação imobiliária +30 | socios=+30 membros ativos +30 anos | indicador=+30 anos de experiência no mercado imobiliário,167,False,none,,4,3,1,2,0,2
LEGADO MÉDICO CLUB,Legado Médico Club,bronze,Lucas Siqueira | Graziella Rios,"O Legado Médico é para médicos donos de clínicas que trocam horas de vida e trabalho, por dinheiro e querem sair disso. Método 4-4-5: as 4 fases da jornada médica, os 4 pilares do empreendedor e as 5 inteligências que aceleram cada fase. Temas: consulta de alto valor, vendas, liderança e gestão. Promessa: lucro, liberdade e legado.",medicina / saúde,ENCONTROS: 4 encontros individuais (online) e 4 presenciais + 72 encontros em grupo | TREINAMENTOS: Treinamentos de equipes | WHATSAPP: Acesso ao grupo de WhatsApp,socios=32 sócios | socios=sócios +500 mil | faturamento=+500 mil de faturamento do grupo | colaboradores=+60 colaboradores impactados,168,False,none,,26,9,17,6,11,9
LIDERA CLUB,Lideraclub,bronze,Jhonatas Alcantara,"O Lidera Club é um ecossistema exclusivo para empresários e líderes que já alcançaram resultados relevantes, mas entenderam que o próximo nível exige expansão de mentalidade, estrutura, posicionamento e liderança. Foi criado para pessoas que não querem apenas crescer financeiramente, mas construir negócios sólidos, escaláveis e sustentáveis.",educação / mentores,ENCONTROS: 3 encontros presenciais e 24 encontros online | PLATAFORMA: acesso à aulas gravadas | WHATSAPP: grupo exclusivo com todos os sócios e mentores | ACOMPANHAMENTO: individualizado com mentor,faturamento=+50 milhões faturamento do grupo | faturamento=milhões faturamento do grupo | socios=+40 sócios no grupo | socios=sócios no grupo | indicador=Negócios sendo realizados semanalmente,169,False,none,,17,9,8,4,0,13
LION'S SOCIETY,Lions Society,bronze,Moisés Ramos,"O Lions Society - Club Premium é para empresários e líderes visionários de diversos setores que buscam escalar seus negócios. Com foco em vendas, marketing, gestão e liderança, o clube promove conexões estratégicas e transformação completa. Nossa promessa: ferramentas práticas, inovação e networking para resultados consistentes e impactantes.",educação / mentores,"ENCONTROS: 3 encontros presenciais e 9 workshops online | NETWORKING ESTRATÉGICO: acesso exclusivo a rede de relacionamentos para negócios | PLATAFORMA: com biblioteca de conteúdos gravados, incluindo os encontros e materiais | TUTORIAS INDIVIDUAIS: Sessões técnicas conduzidas por uma equipe de especialistas",faturamento=+50 milhões de faturamento total acumulado pelos | faturamento=milhões de faturamento total acumulado pelos participantes do clube | indicador=20 anos formando empresários de alto nível | socios=+40 sócios no grupo,163,False,none,,3,1,2,3,0,0
LONGITY CLUB,Longity Club,bronze,Guilherme Lain | Bruna Mello,"O Longity Club é para profissionais da saúde que cansaram de trabalhar muito para lucrar pouco. Aqui você aprende a se posicionar como alto padrão, e crescer com margem de verdade — com método validado por quem vive isso na própria operação. Você deixa de ser mais um técnico e se torna a autoridade. Organiza processos e tem escala no negócio.",estética,"ENCONTROS: 12 Encontros on-line individuais mensais + 48 Encontros em grupo semanais | WHATSAPP: Grupo exclusivo de WhatsApp com todos os membros. | PLATAFORMA: Técnica: injetáveis e protocolos. Aulas: posicionamento, vendas e gestão. | NETWORKING: Network de alto padrão",indicador=20 anos no mundo da saúde e estética | mentorados=+30 milhões em resultados para os mentorados. | unidades=Longity Clinic uma clinica de alto padrão que cresce usando o próprio método.,164,False,none,,3,1,2,3,0,0
LUMIÈRE CLUB,,bronze,Dani Martins,"Clube Lumière é focado em empresários que querem estruturar seu negócio com foco em aceleração de vendas, construção e performance de times comerciais e formação de lideranças. E desenvolvimento da inteligência espiritual.",educação / mentores,ENCONTROS: 2 encontros presenciais e 6 encontros online por ano | PLATAFORMA: com conteúdos exclusivos | WHATSAPP: grupo exclusivo com todos os sócios e mentores | TREINAMENTO: treinamento semanal para lideranças comerciais e vendedores,faturamento=+30 milhões de faturamento total acumulado | faturamento=milhões de faturamento total acumulado pelos participantes,170,False,none,,0,0,0,0,0,0
MAGNUS CLUB,Magnus Club,bronze,Léo Bastos | Jessica Bastos,"Mentoria premium para empresários com mentalidade de crescimento, conduzido por Leonardo e Jessica Bastos. Oferece uma visão completa sobre negócios, focando em criação de ecossistema, acompanhamento de metas, lucro, qualidade de vida, modelo de negócio, família e saúde. Transformação do CPF e CNPJ.",medicina / saúde,ENCONTROS: 3 encontros presenciais por ano + 12 encontros online por ano | PLATAFORMA: Plataforma de video aulas | WHATSAPP: Grupo exclusivo de membros no whatsapp | ACOMPANHAMENTO: 12 horas de mentorias individuais por agendamento,faturamento=+100 milhões de faturamento do grupo | faturamento=milhões de faturamento do grupo | indicador=+12 anos empreendendo | indicador=+1 bilhão de caixa gerado para empresas,171,False,none,,9,4,5,2,0,7
MAKERS CLUB,,bronze,Maikol Parnow,"Clube de negócios para empresários com foco em desenvolvimento das áreas de marketing e vendas das empresas. São abordados 6 temas ao longo do ano: marketing, vendas, gestão de pessoas, captação de investimentos e M&A, mentalidade, gestão e planejamento estratégico.",educação / mentores,ENCONTROS: 9 encontros presenciais e 9 encontros online durante o ano | PLATAFORMA NOTION: com todos os encontros gravados | WHATSAPP: grupo exclusivo com todos os membros | EXPERIÊNCIAS: experiências exclusivas por encontro,faturamento=+300 milhões de faturamento entre os membros | faturamento=milhões de faturamento entre os membros | mentorados=+52 mentorados no grupo,172,False,none,,0,0,0,0,0,0
MARCANTE,Marcante,bronze,Pedro Marcondes | Nathália Luz | Igor Moraes | Jeanny Moraes,"O maior clube de construção de percepção de valor do Brasil. O Marcante Club é o ecossistema onde empresários de diferentes segmentos deixam de comunicar abaixo do que construíram e passam a usar o próprio nome como alavanca de crescimento. O foco é percepção de valor que gera receita, parcerias e reconhecimento de mercado.",educação / mentores,"ENCONTROS: 3 encontros presenciais no ano, encontros online a cada 15 dias, 2 reuniões de conselho por semestre | WHATSAPP: grupo premium com os mentores no whatsapp e outros empresários | EXPERIÊNCIAS: acesso a experiência e eventos exclusivos durante o ano",indicador=+14 anos de experiência em percepção de valor | mentorados=+10.000 alunos dentro do ecossistema | indicador=+100 milhões em contratos gerados para clientes | indicador=milhões em contratos gerados para clientes,173,False,none,,16,6,10,4,3,9
MASTER BOARD,Master Board,bronze,Farias Souza | Jorge Azevedo,"Clube de empresários e executivos que almejam deixar marcas nos conselhos mais relevantes do Brasil. Aqui, estratégia encontra influência, e legado se constrói com método, visão e rede. Ao longo da jornada, cultivamos autoridade, performance e presença de alto nível em um ecossistema que transforma líderes em conselheiros com propósito.",educação / mentores,"BOARD REVIEW: Participação na revista dos conselheiros que fazem o futuro acontecer | TOOL KIT EXCLUSIVO: com frameworks, métodos e templates | PODCAST: Gravação de um podcast exclusivo para os canais da Board Academy | ACESSO EXCLUSIVO: programas e eventos promovidos pela Board Academy no Brasil","indicador=15 países associados ao Board Academy global, com mais | socios=associados ao Board Academy global, com mais de 13.500 membros | mentorados=100% dos mentorados atuando em Conselho | roi=6% de ROI no último ano",174,False,none,,85,6,79,1,22,62
MASTER REVOLUTION,Master Revolution,bronze,Jônas Pastore,"Clube de empresários do setor de móveis planejados, focado em aumentar rentabilidade e profissionalizar negócios. Aplicamos o método BVP², criado por Jônas Pastore e validado no Brasil, Estados Unidos e México, implantando gestão, processos e posicionamento para construir empresas mais estruturadas, eficientes e lucrativas. A força do grupo fortalece o setor",educação / mentores,ENCONTROS: 3 presenciais no ano + online quinzenais | ACOMPANHAMENTO: 2 mentorias individuais 4 mentorias com equipe | WHATSAPP: grupo exclusivo de whatsapp | DIAGNÓSTICO: Diagnóstico 360,indicador=+1 bilhão de negócios gerados | indicador=bilhão de negócios gerados | indicador=20 anos de experiência,175,False,none,,82,10,72,2,31,49
MEDBOOST,Medboost,bronze,Lucas Vianna,"No nosso clube, o médico especialista raiz, que não negocia princípios técnicos e éticos, encontra as ferramentas para atingir sucesso na carreira e ampliar o seu alcance e impacto no mercado. Baseado nos pilares Marketing, Gestão, Liderança, Produtização e Vendas, o foco é gerar resultados tangíveis e sustentados, tanto na sua clínica quanto no digital.",medicina / saúde,ENCONTROS: 2 presenciais anuais + encontros online semanais e quinzenais | PLATAFORMA: a área de membros com conteúdos gravados e materiais de apoio | WHATSAPP: grupo exclusivo com toda comunidade de membros e com o mentor | EXPERIÊNCIAS: consultorias individuais personalizadas para seu momento de mercado,faturamento=+30% de faturamento (média) nos primeiros 6 meses | socios=+90 sócios no grupo | indicador=+70% de renovações,179,False,none,,44,19,25,4,32,8
MEDGEST IA,,bronze,Galdino | Domingos Mantelli | Rogério Magalhães,"Para médicos e gestores de clínicas que desejam usar Inteligência Artificial para ganhar eficiência, melhorar decisões clínicas e escalar resultados. A comunidade reúne profissionais inovadores que querem liderar a nova medicina. Durante a jornada, trabalhamos IA aplicada à gestão, automação, produtividade e receita.",AI / inteligência artificial,ENCONTROS: 2 encontros presencias + 12 encontros online | PLATAFORMA: com vídeos gravados | WHATSAPP: Grupo de WhatsApp exclusivo,,180,True,direct,nome do clube é de IA; tese do clube é IA; inteligência artificial no pitch,0,0,0,0,0,0
MEDMENTORY,Medmentory,bronze,Adriano Scaff,"Mentoria para ensinar médicos a performarem na área de business de sua clínica e de sua carreira. Todo o overview da jornada do paciente, desde sua captação até seu ciclo de recorrência",medicina / saúde,ENCONTROS: Encontro semanal em grupo | PLATAFORMA: a área de membros | WHATSAPP: grupo exclusivo no Whatsapp | SECRETARIAS: Grupo exclusivo de secretarias,faturamento=+30 milhões em faturamento no último ano | faturamento=milhões em faturamento no último ano | socios=30 sócios no grupo,181,False,none,,20,9,11,2,18,0
MENTORIA MAKERS,Mentoria Makers,bronze,Pedro Quintanilha,"A Mentoria Makers é um programa para mentores e experts focado em criar, vender, entregar e escalar cursos, mentorias e memberships com mais lucros e liberdade. Implementa funis de marketing e vendas diretamente nos negócios, trabalhando estratégia de conteúdo, páginas, e-mails e anúncios testados, garantindo resultados práticos e maximização da performance em vendas online.",educação / mentores,"ENCONTROS: quinzenais técnicos e estratégicos online e 1 presencial por ano | ACOMPANHAMENTO: individualizado, diagnóstico e plano de ação | WHATSAPP: grupo com todos os membros e mentores organizados por nível de resultados | IMPLEMENTAÇÃO: funil de marketing e vendas para gerar fluxo infinito de leads e vendas",faturamento=+100 milhões de faturamento recorrente | faturamento=milhões de faturamento recorrente | mentorados=+100 mentorados no grupo,176,False,none,,266,83,183,3,263,0
MENTORIA VOE ALTO LEGACY,Mentoria Voe Alto Legacy,bronze,Saulo Abrahão | Luiz Ferraz,"A Voe Alto Legacy é o clube premium de mentoria de Saulo Abrahão e Luiz Ferraz, do Beauty Society, para empresários da beleza. Nossa metodologia integra mentalidade, gestão, liderança e tração, proporcionando uma jornada de desenvolvimento, networking qualificado e direcionamento estratégico para crescer com estrutura, previsibilidade e alta performance.",educação / mentores,"ENCONTROS: Hotseats quinzenais, encontros individuais, mentorias e imersões presenciais. | PLATAFORMA: Plataforma completa de gestão e implementação | WHATSAPP: Grupo exclusivo para suporte individual e coletivo com os mentores. | EXPERIÊNCIAS: Imersões presenciais e visitas aos bastidores de grandes empresas do setor","faturamento=+53 milhões em faturamento anual das empresas | faturamento=milhões em faturamento anual das empresas dos nossos membros | indicador=+1.000 empresários da beleza impactados pelo nosso Método. | alcance=Alcance internacional com empresários impactados no Chile, | indicador=internacional com empresários impactados no Chile, Bolívia e Portugal.",177,False,none,,49,2,47,7,8,34
MENTORUS CLUB,Mentorus Club,bronze,Samuel Basso,"Clube para empresários que querem organizar, lucrar e crescer com clareza. Trabalhamos mentalidade, gestão estratégica, financeira, comercial e liderança para transformar empresa desorganizada em negócio lucrativo e previsível. Comunidade de donos comprometidos com resultado, disciplina e alta performance.",educação / mentores,"ENCONTROS: 2 eventos presenciais por ano + 24 encontros online em grupo | ACOMPANHAMENTO: encontros individuais com Samuel Basso para implementação e direcionamento personalizado + tutorias técnicas | WHATSAPP: grupo exclusivo para networking e troca de experiências | PLATAFORMA: com a metodologia, encontros gravados e conteúdos estratégicos",,178,False,none,,28,16,12,3,16,9
MIRA CLUB,Mira Club,bronze,Daniella Ayres | Débora Kalil,"O Mira Club é para mulheres empreendedoras que querem expandir seus negócios e se tornar referência em seus mercados. Com foco em liderança, prosperidade, gestão do tempo e desenvolvimento de mindset, a mentoria trabalha vendas e modelo de negócio de forma prática. Aqui, empresárias determinadas aceleram seu crescimento em uma comunidade forte e inspiradora.",educação / mentores,"ENCONTROS: 3 presenciais de 2 dias ao longo do ano + encontros online mensalmente | PLATAFORMA: com conteúdos exclusivos e ferramentas práticas | WHATSAPP: grupo exclusivo para networking, suporte e trocas diárias",faturamento=+76 milhões de faturamento total do grupo | faturamento=milhões de faturamento total do grupo | indicador=+16 anos de experiência empreendedora | indicador=+12 segmentos de mercado atendidos | indicador=segmentos de mercado atendidos,183,False,none,,10,3,7,2,0,8
MONEY CLUB,Money Club,bronze,Igor Brito | Cleyton Guruba,"O Money Club é mais que um programa. É um ecossistema de elite, formado por empresários da contabilidade e do BPO financeiro que decidiram crescer com estratégia, escalar com lucro e liderar com visão. Aqui, reunimos quem já saiu do caos da operação e agora quer acesso, método e ambiente para construir empresas sólidas, previsíveis e dominantes.",contábil,ENCONTROS: 2 encontros presenciais ao longo do ano | PLATAFORMA: digital | WHATSAPP: Grupo exclusivo de WhatsApp | REUNIÃO: Reunião individual de implementação,faturamento=+30 milhões em faturamento total do grupo | faturamento=milhões em faturamento total do grupo | socios=+30 sócios no grupo | socios=sócios no grupo 150% | indicador=150% de crescimento médio no grupo,184,False,none,,23,5,18,4,8,11
MOVIMENTO TERRES,Movimento Terres,bronze,Dionatan Terres,"Movimento para empreendedores da Segurança e Saúde no Trabalho (SST) que desejam estruturar e escalar seus negócios. A jornada aborda gestão empresarial, vendas, liderança, estratégia e mentalidade empreendedora. Por meio de mentorias, networking e acompanhamento, transformamos empresas técnicas em negócios lucrativos, organizados e sustentáveis.",medicina / saúde,ENCONTROS: 2 encontros online semanais + 3 encontros presenciais ao ano. | PLANO DE AÇÃO: Plano de Ação Individual com cada mentorado. | WHATSAPP: Grupo exclusivo para networking entre os membros.,faturamento=+20 milhões faturamento anual do grupo | faturamento=milhões faturamento anual do grupo | socios=+50 sócios no grupo | socios=sócios no grupo +250 | colaboradores=+250 colaboradores impactados,185,False,none,,7,0,7,5,2,0
MV CLUB,MV Club,bronze,Marília Andriolli,"No MV Club, mulheres com visão aprendem a construir, libertar e fortalecer sua marca pessoal, comunicação e influência, conquistando relevância e liberdade na vida pessoal e no mercado, posicionando-as da maneira correta e desejada. Uma comunidade que une estratégia, inspiração e prática para transformar sua presença no mundo real e digital.",mulheres,ENCONTROS: 3 encontros presenciais de 2 dias + 9 encontros online durante o ano | PLATAFORMA: Plataforma exclusiva com encontros gravados | WHATSAPP: Grupo exclusivo de WhatsApp,,186,False,none,,85,22,63,0,30,55
MÉTODO MFL,Método MFL,bronze,Paulo Silva | Aline Silva,"O Método MFL é para empresários que querem parar de tomar decisões no escuro. Aqui, você conquista clareza sobre o dinheiro da empresa, aprende a controlar o caixa, entender seus números e aumentar a lucratividade. Mais segurança para decidir, crescer e construir um negócio financeiramente saudável.",educação / mentores,"ENCONTROS: Hotseats quinzenais, masterclasses a cada 60 dias e 2 encontros presenciais por ano. | PLATAFORMA: Plataforma exclusiva com conteúdos gravados. | WHATSAPP: Grupo exclusivo para suporte, troca e networking. | EXPERIÊNCIAS: Workshops e imersões exclusivas para aprofundamento estratégico.",faturamento=+700 milhões faturamento | faturamento=milhões faturamento total do grupo | socios=+30 sócios no grupo | colaboradores=+650 colaboradores impactados,156,False,none,,2,2,0,2,0,0
MÉTODO SIM,Método SIM,bronze,Renato Bruno | Renner Silva,"O Método SIM é para empreendedores que buscam maximizar negócios e alavancar resultados profissionais, financeiros e pessoais. Com foco em, felicidade organizacional, gestão estratégica e inteligência comercial, sempre visando a melhor margem de lucro. Acreditamos que somente pessoas e empresas extraordinárias são capazes de fazer do nosso mundo um lugar melhor.",educação / mentores,ENCONTROS: 3 imersões presenciais por ano | PLATAFORMA: educacional completa | ONLINE: mentoria semanal | SOFTWARE EXCLUSIVO: de gestão tática e estratégica,indicador=O maior movimento do Brasil | indicador=movimento do Brasil em ciência da felicidade e bem- | indicador=do Brasil em ciência da felicidade e bem- estar organizacional,155,False,none,,82,24,58,2,36,44
NA PRÁTICA CLUB,Na Prática Club,bronze,Ana Paula Cardoso | Ney Pinheiro | Thiago Magalhães,"O Na Prática Club é para contadores e empresários que querem crescer com direção e resultado. Uma comunidade de alta performance com foco em vendas, marketing, liderança e operação. Aqui você aprende, executa e acelera seu escritório com consistência, guiado por quem já construiu um dos maiores cases do país.",jurídico,ENCONTROS: 3 encontros presenciais | MENTORIA: Individual | ONLINE: Mentorias em grupo online | WHATSAPP: Grupo exclusivo de WhatsAp,indicador=+500 mil clientes | indicador=clientes | colaboradores=+1000 colaboradores,187,False,none,,3,1,2,3,0,0
ND EVOLUTION,,bronze,Neuzete | Neuzete Jonathan,"ND EVOLUTION é uma mentoria executiva para empresários que querem elevar o nível de gestão e colocar a empresa para rodar com ordem e resultado. O trabalho começa no essencial: prioridades claras, processos simples, liderança alinhada e uma rotina de acompanhamento que garante entrega com qualidade e prazo.",educação / mentores,ENCONTROS: 3 eventos presenciais ou on-line por ano | COMUNIDADE: Participação em comunidade restrita de mentorados para networking e parcerias empresariais | ESTRATÉGIA: Sessões individuais de mentoria estratégica,faturamento=+300 milhões de faturamento total do grupo | faturamento=milhões de faturamento total do grupo | socios=+25 membros no grupo | socios=membros no grupo +20 anos | indicador=+20 anos transformando empresas em negócios sólidos com,190,False,none,,0,0,0,0,0,0
NEW MONEY CLUB,New Money Club,bronze,Rodrigo Barbosa | Alessandra Barbosa,"O New Money Club é para empresários que querem gerar novo dinheiro com o negócio atual, abrir novas fontes de receita ou criar um novo negócio. O foco é escalar resultados usando as três alavancas de crescimento: liderança, marketing e vendas. Mais que um clube, é um ecossistema “auto pagável"", onde o investimento retorna pelo ROI gerado.",educação / mentores,"ENCONTROS: 3 encontros presenciais ao longo do ano + 9 encontros online | PLATAFORMA: Acesso a conteúdos exclusivos, ferramentas e gravação dos treinamentos online | WHATSAPP: Grupo exclusivo de empresários e mentores para troca e networking | TREINAMENTOS: Mensais em marketing, vendas e liderança com foco em ROI imediato",indicador=+50 milhões em novo dinheiro gerado com as | indicador=milhões em novo dinheiro gerado com as estratégias new money | indicador=+16 segmentos ativos no ecossistema | colaboradores=+700 colaboradores impactados,189,False,none,,88,27,61,2,25,61
NEXT LEVEL,Next Level,bronze,Ro Lopes | Ale Lopes,"Para empresários de alta performance que exigem mais do próprio negócio. No Next Level, método e execução se unem para estruturar, expandir e sustentar resultados reais, porque sempre existe um próximo nível.",vendas,ENCONTROS: 2 encontros presenciais + 12 encontros online ao longo do ano | PLATAFORMA: acesso a plataforma de suporte | WHATSAPP: grupo exclusivo | TREINAMENTOS: mensais de liderança e autoconhecimento.,faturamento=+200 milhões de faturamento no grupo | faturamento=milhões de faturamento no grupo | socios=+50 sócios +35 | indicador=+35 anos de experiencia no varejo e franquia | indicador=anos de experiencia no varejo e franquia,188,False,none,,60,41,19,2,12,46
NORT CLUB,Nort Club,bronze,Rogério Santos | Sheila Zaratim,"O Nort Club é uma jornada híbrida de desenvolvimento empresarial, com mentorias online em grupo e individuais, imersões presenciais, workshops, plataforma exclusiva de conteúdos (Nort Skills), grupo fechado para networking e troca entre empresários, além de experiências presenciais voltadas à geração de negócios, conexões estratégicas e desenvolvimento contínuo de líderes e empresas.",educação / mentores,ENCONTROS: 3 encontros presenciais. | PLATAFORMA: Acesso contínuo à plataforma Nort Skills. | ACOMPANHAMENTO: 24 mentorias em grupo + 3 mentorias individuais para os sócios. | EXCLUSIVO: 3 encontros online para o time do mentorado.,faturamento=+1 bi de faturamento | colaboradores=+5mil colaboradores impactados,192,False,none,,15,1,14,3,12,0
NOTORIOUS,Notorious,bronze,Tiossi Jr | Leandro Matsumota,"Elevando a notoriedade de profissionais especializados que atuam perante a Administração Pública através de técnicas de posicionamento, autoridade e influência.",educação / mentores,ENCONTROS: 3 encontros presenciais de 2 dias + 9 encontros online durante o ano | PLATAFORMA: exclusiva com todos os encontros gravados | WHATSAPP: Grupo exclusivo de WhatsApp com todos os sócios e os mentores | EXCLUSIVO: Experiências especiais além da agenda de encontros anuais,indicador=20 anos de experiência | indicador=Primeira mentoria do segmento | indicador=mentoria do segmento no Brasil | indicador=do segmento no Brasil | indicador=no Brasil,191,False,none,,40,12,28,3,22,15
NOVA IA,NovaIA,bronze,Myrko Micali | Nelson Naibert,"Para empreendedores, executivos e mentores que querem revolucionar negócios com IA e liderar o futuro. Aqui, você aprende a escalar operações, aumentar a competitividade, impulsionar a superprodutividade e gerar resultados reais. Com networking estratégico, inovação, cases práticos e conhecimento aplicado, você terá as ferramentas para transformar seu negócio.",AI / inteligência artificial,ENCONTROS: 10 encontros online e 4 encontros presenciais de um dia por ano | EVENTOS INTERNACIONAIS: presença global e eventos em diversos países | WHATSAPP: grupo exclusivo com todos os membros | APOIO TÉCNICO DE IA: Disponibilidade semanal de um técnico para tirar dúvidas,faturamento=+200 milhões em receita do grupo | faturamento=milhões em receita do grupo | socios=+35 sócios no grupo | indicador=+25 anos de experiência | indicador=anos de experiência,193,True,direct,nome do clube é de IA; tese do clube é IA,24,6,18,5,1,18
NP CLUB,NP Club,bronze,Ana Paula Costa,"O NP Club é uma comunidade exclusiva para empresários que desejam construir marcas pessoais fortes e elevar sua percepção de valor no mercado. Nossa metodologia combina posicionamento estratégico, autoridade e imagem para transformar reputação em crescimento sustentável e negócios premium.",educação / mentores,ENCONTROS: 2 encontros presenciais ao longo do ano + Aulas semanais | EXPERIÊNCIAS: vivências exclusivas além da agenda dos encontros anuais | WHATSAPP: grupo exclusivo de networking com membros e mentores | PLATAFORMA: conteúdo exclusivo disponível,faturamento=+20 milhões em faturamento dos membros | faturamento=milhões em faturamento dos membros | indicador=+300 empresários impactados pela metodologia | indicador=+ 15 anos de experiência em posicionamento e percepção de valor,147,False,none,,12,1,11,3,5,4
NUCLEO12 CLUB,,bronze,Aline Porto | Diego Porto,"Específico para mentores e consultores, a nucleo12 club é uma comunidade que reúne mentores e consultores que desejam se tornar expert em vendas assim como são em suas áreas de domínio.",educação / mentores,ENCONTROS: 2 encontros presenciais por ano e encontros online semanais. | ACOMPANHAMENTO: Encontros individuais com suporte integral. | WHATSAPP: Grupo exclusivo individual e grupo de relacionamento com todos os membros. | PLATAFORMA: Acesso à plataforma exclusiva de conteúdos.,unidades=+15 milhões gerados na comunidade | unidades=milhões gerados na comunidade | indicador=+200 pessoas impactadas direta e indiretamente,148,False,none,,0,0,0,0,0,0
ODONTO LEGEND,OdontoLegend Mentory,bronze,Fernanda Tecchio | Bira Doro,"Para o Dentista que cansou de ser o melhor da clínica e quer se tornar o verdadeiro dono do negócio. A Odonto Legend desenvolve a mentalidade, os processos e as habilidades que transformam consultórios em empresas lucrativas, previsíveis e escaláveis - feita por Dentistas, para Dentistas.",odontologia,"ENCONTROS: 03 encontros semanais on line em grupo + 02 encontros presenciais por ano | ESTRATÉGIA: Individualização do acompanhamento com estratégia | WHATSAPP: Grupo exclusivo com os Mentores e Sócios ativos | PLATAFORMA: Conteúdos, Materiais estratégicos e aulas on line gravadas em plataforma exclusiva",mentorados=+40 mentorados no grupo | indicador=+20 anos de experiência na odontologia e atuação no mercado | faturamento=+50 milhões faturamento total do grupo | faturamento=milhões faturamento total do grupo,146,False,none,,11,8,3,5,6,0
ONE CODE,One Code,bronze,,,AI / inteligência artificial,,,,True,direct,nome do clube é de IA; One Code (índice; página não localizada no book),15,5,10,2,13,0
OR.TOP BUSINNES,OR.TOP Business,bronze,Vinícius Bonfante,"OR.TOP Business é um grupo premium de mentoria para médicos ortopedistas, liderado pelo Dr. Vinícius Bonfante. Unimos estratégia, vendas e medicina integrativa para estruturar planos de acompanhamento de alto valor, gerando escala, previsibilidade e resultados. Em 2025, membros já ultrapassaram R$40 milhões em faturamento.",medicina / saúde,ENCONTROS: 2 encontros presenciais | EXCLUSIVO: plataforma e grupo exclusivo de whatsapp | EXPERIÊNCIAS: descontos em insumos e tecnologias alem de experiencias overdelivery | MENTOR: acesso direto ao mentor,faturamento=+40 milhões faturamento total de grupo em 2025 | faturamento=milhões faturamento total de grupo em 2025 | indicador=+35 ortopedistas | indicador=ortopedistas +200 | indicador=+200 médicos impactados com os cursos | indicador=médicos impactados com os cursos,195,False,none,,7,3,4,2,3,2
PARTNER'S CLUB,Partner’s Club,bronze,Will Galheira,"O Partner's Club é uma comunidade exclusiva para empresários que desejam crescer com clareza, liderança e resultados. Acreditamos na progresso empresarial por meio da metodologia: Mentalidade, Liderança e Vendas, conectando empresários comprometidos com evolução, alta performance e construção de negócios sólidos e lucrativos.",educação / mentores,ENCONTROS: 2 imersões por ano + 2 encontros online mensais em grupo | WHATSAPP: grupo exclusivo para mentorados | ACOMPANHAMENTO: 10 encontros individuais com o mentor | PLATAFORMA: com aulas e conteúdos gravados,indicador=+250 milhões gerados para clientes nos últimos anos | indicador=milhões gerados para clientes nos últimos anos | indicador=+300 vidas impactadas em treinamentos e mentorias | indicador=vidas impactadas em treinamentos e mentorias | indicador=+300 milhões gerados com vendas no mercado de resinas | indicador=milhões gerados com vendas no mercado de resinas plásticas,196,False,none,,28,7,21,5,19,4
PCM MENTORIA,Programa de Crescimento Médico,bronze,Cláudio Ramos | Clara Morena,"O PCM é uma mentoria criada para médicos que desejam escalar os resultados do consultório/clínica, através da mentalidade, gestão, vendas e marketing. O programa incentiva o médico a ser protagonista e a assumir as rédeas da sua carreira.",medicina / saúde,ENCONTROS: 2 encontros presenciais ao longo do ano + 2 encontros mensais online | SEMANAL: 1 reunião de alinhamento semanal | WHATSAPP: grupo de networking pelo WhatsApp | PLATAFORMA: com conteúdos e ferramentas de apoio,indicador=2 mil médicos transformados | colaboradores=4 mil colaboradores impactados | indicador=30 milhões faturados no grupo | indicador=milhões faturados no grupo,197,False,none,,12,6,6,5,0,7
PERFORMANCE CLUB,,bronze,Pilar Corél | Dominik Bertoluci | Sérgio Bertoluci,"O único ecossistema para empresários e empresárias que te posiciona como referência no mercado, eleva sua performance estratégica e expande sua presença digital, transformando você em uma autoridade inspiradora — altamente valorizada e bem remunerada pelo seu produto ou serviço.",vendas,"POSICIONAMENTO HIGH TICKET: Construa autoridade, percepção de valor e influência para vender com margem, consistência e prestígio | PERFORMANCE: Mentalidade, estratégia e execução de alta performance para crescimento real e sustentável | PRESENÇA DIGITAL: Audiência qualificada, posicionamento estratégico e comunicação que gera impacto e conversão",faturamento=+850 milhões faturamento total do grupo | faturamento=milhões faturamento total do grupo | faturamento=+40 mil faturamento total do grupo | indicador=+1 milhão de seguidores impactos pelas empresariais,198,False,none,,0,0,0,0,0,0
POTÊNCIA CLUB,Potência Club,bronze,Kleison Melo | Vânia Melo,"Para empresários que já têm negócio em operação e desejam aumentar as vendas e melhorar o lucro sem sacrificar a qualidade de vida. Liderado por Kleison e Vânia, sócios e casados há 30 anos, o Potência Club desenvolve visão estratégica, gestão, vendas e liderança para crescer com resultado, estrutura e equilíbrio.",educação / mentores,"ENCONTROS: 3 imersões presenciais de dois dias ao longo do ano + 9 encontros online em grupo para direção estratégica | WHATSAPP: grupo exclusivo de WhatsApp para acompanhamento contínuo | EXPERIÊNCIAS: experiências complementares, como visitas técnicas e encontros de networking, fortalecendo a",indicador=+10.000 vendedores treinados ao longo da trajetória | indicador=vendedores treinados ao longo da trajetória | faturamento=R$ 30 milhões em faturamento somado entre | faturamento=milhões em faturamento somado entre membros do grupo | indicador=30 anos de experiência empreendendo e liderando negócios,199,False,none,,22,6,16,2,14,6
PR1ME ROI,Pr1me ROI,bronze,Canina | Raphael Cioli,"A PR1ME ROI é um programa premium de engenharia de negócios e receita, construído lado a lado com empresas e profissionais referência que trabalham com produtos ou serviços de alto valor. Entregamos ROI completo financeiro, estratégico, operacional e mental: crescimento, lucro e liberdade.",vendas,ENCONTROS: 7 encontros individuais + 2 sessões especiais online + 1 evento presencial por ano. | METODOLOGIAS: 30 eventos ao vivo para reforço da metodologia e esclarecimento de dúvidas. | WHATSAPP: Comunidade PR1ME e grupo individual. | FERRAMENTAS: Acesso a CRM e IA.,"indicador=+26 anos de experiencia empreendedora, estratégica e comercial | faturamento=+2 bilhões em faturamento gerado dentro das carreiras e negócios dos socios | indicador=+100 mil empresários treinados em mais de 40 países em todos os continentes",200,False,adjacent,"menciona IA como pilar/ferramenta, não como tese",4,0,4,4,0,0
PROCLUB,PROClub,bronze,José Raphael Freire | Cristiano Ferreira,"O PROClub é um programa de excelência técnico-processual, com visão de negócios, voltado para advogados que atuam no contencioso e buscam entregar resultados extraordinários para seus clientes. Com estratégias processuais e método validado, forma equipes que estruturam atuações sólidas em juízo e ampliam honorários de êxito e sucumbência.",jurídico,"DIAGNÓSTICO: inicial individual da atuação técnicoprocessual para o escritório | IMPLEMENTAÇÃO: de Departamento Recursal no escritório | OFICINAS: práticas de petições, estratégias recursais de atuação no Tribunal e Sustentação oral | PLATAFORMA: exclusiva com trilha de aprendizados","indicador=+2,2 bilhões em processos judiciais no grupo | indicador=bilhões em processos judiciais no grupo | mentorados=+32 mil alunos | mentorados=alunos +100 | indicador=+100 advogados impactados nas equipes jurídicas",201,False,none,,37,7,30,3,11,23
PROFESSIONAL SERVICES CLUB,,bronze,Henrique Takemoto,"Um programa anual para empresários, empreendedores e executivos que trabalham com consultorias e mentorias. O Clube suporta 360 graus os quatro aspectos cruciais da vida desse líder: mente, corpo, marca pessoal e negócios, focando em mentalidade, modelo de negócios, posicionamento, geração de negócios, entrega de alto valor, liderança e crescimento.",educação / mentores,ENCONTROS: 2 imersões presenciais + 36 encontros online | CONSULTORIA: 6 consultorias personalizadas e 1:1 com Henrique Takemoto | PLATAFORMA: integrada exclusiva com todos os encontros gravados | ACESSO E EXPERIÊNCIAS: Grupo exclusivo com todos os membros e o mentor + experiências exclusivas,"faturamento=600 milhões faturamento total do grupo | faturamento=milhões faturamento total do grupo | colaboradores=+2,5 mil colaboradores impactados | indicador=4 meses em média, para obter payback completo do",202,False,none,,0,0,0,0,0,0
PRONIX CLUB,,bronze,Hugo Vasconcelos | Gustavo Dias | Josef Rubin | Hendel Favarin,"Ajudamos empresários que já faturam mais de 300 mil por mês no Mercado Livre a subirem de nível em estratégia, gestão e negócios dentro de um grupo seleto.",educação / mentores,ENCONTROS: 2 encontros presenciais anuais + Encontros mensais online e ao vivo | SPRINTS: Sprints de execução e aceleração de resultado online | WHATSAPP: Grupo de WhatsApp com todos os sócios e os mentores | EXPERIÊNCIAS EXTRAS: Grupo exclusivo com todos os membros e o mentor + experiências exclusivas,indicador=+100 milhões gerados anualmente no grupo | indicador=milhões gerados anualmente no grupo | colaboradores=+500 colaboradores impactados | socios=+ de 30 sócios no grupo,203,False,adjacent,marketplaces / ops digitais,0,0,0,0,0,0
PULSAR CLUB,Pulsar Club,bronze,Patrícia Roberta | Andrea Kamizaki | Alexandra Casoni,"Pulsar Club é um programa de educação empresarial exclusivo para farmácias, Andrea Kamizaki, Patrícia Roberta e Alexandra Casoni unem suas expertises para impulsionsar líderes e farmácias que querem ter uma visão estratégica, desenvolver melhor seus líderes e times, aumentar resultados em vendas, estruturar processos, através de metodos validados.",educação / mentores,ENCONTROS: 1 encontro presencias de 2 dias + 22 encontros online ao longo do ano | PLATAFORMA: exclusiva com todos os encontros gravados | WHATSAPP: Grupo de WhatsApp com todos os sócios e os mentores | EXPERIÊNCIAS: experiências especiais,faturamento=230 milhões faturamento total do grupo | faturamento=milhões faturamento total do grupo | socios=30 sócios no grupo | colaboradores=+1252 mil colaboradores impactados,204,False,none,,4,1,3,1,0,3
PULSE,Pulse,bronze,Fabi Kazak,"A Pulse é para empresárias que desejam crescer, estruturar e escalar seus negócios com estratégia e posicionamento sólido. Nesta comunidade, você aprende a transformar ideias em marcas que vendem, dominar seu mercado e criar processos eficientes para crescer com consistência. Aqui, você ativa seu talento e expande seus resultados com estratégia validada.",generalista / empresários,ENCONTROS: 2 encontros estratégicos por mês e 3 presenciais por ano | PLATAFORMA: exclusiva com aulas gravadas e materiais de apoio | WHATSAPP: grupo exclusivo para networking | EVENTOS INTERNACIONAIS: encontros em diversos países,faturamento=+400 milhões em faturamento | faturamento=milhões em faturamento | indicador=+70 países em 14 anos | indicador=+30 sócias no clube,205,False,none,,6,2,4,1,0,5
REIZ MENTORING CLUB,,bronze,Rafael Narde | Conrado Adolpho | Renata Pontes | 1 milhão Izabela Reis,"O casal Izabela Reis e Rafael Narde uniu-se a Conrado Adolpho e Renata Pontes. Trazem a combinação única de experiência e resultados comprovados na criação, vendas e criação de processos de programas. Fundamentados na metodologia Lean, mecanismo de engajamento competitivo e na neurociência — aliados à visão de CEO e à gestão estratégica de Renata e Conrado.",medicina / saúde,ENCONTROS: 2 encontros presenciais com 2 dias associado à imersão na Clínica Reiz Premium | PLATAFORMA: Plataformna com todos encontros gravados | WHATSAPP: grupo exclusivo | EXPERIÊNCIAS: Experiências especias focadas nas famílias e encontros online dos casais,faturamento=1 milhão de faturamento do grupo | pacientes=+1000 pacientes impactados | pacientes=pacientes impactados +100 | indicador=+100 Programas de acompanhamento e processos criados | indicador=30 casais impactados,208,False,none,,0,0,0,0,0,0
RISE CLUB,Rise Club,bronze,Verena Rangel | Rafael Rangel,"A Rise Club é uma mentoria para dentistas que possuem clínica própria e desejam crescer com mais gestão, previsibilidade e lucro. A comunidade reúne profissionais comprometidos com evolução, execução e troca de experiências. Ao longo da jornada, trabalhamos liderança, vendas, marketing, gestão financeira, processos, equipe e mentalidade empresarial.",odontologia,ENCONTROS: 24 encontros online em grupo + 2 eventos presenciais. | ACOMPANHAMENTO: 6 encontros individuais 1:1. | PLATAFORMA: Área de membros com materiais de apoio. | TREINAMENTO: 12 treinamentos online para a equipe comercial.,faturamento=+50 faturamento total do grupo | socios=+40 membros | roi=ROI em média de 90 dias,207,False,none,,2,1,1,2,0,0
RISE MED MENTORING,Rise Med Mentoring,bronze,Leandro Aguiar,"Mentoria para médicos que desejam prosperar na clínica privada, unindo gestão de clínica e pessoas, posicionamento, encantamento e vendas de alto valor. Aprenda com quem teve as mesmas dores que você e decidiu liderar e construir um negócio sólido com liberdade financeira, reconhecimento e legado. Conte com nossa presença e dedicação para o seu crescimento.",medicina / saúde,ENCONTROS: 2 encontros presenciais ao ano + encontros coletivos online semanais | ACOMPANHAMENTO: individualizado corrigindo as principais dificuldades diretamente com o mentor. | PLATAFORMA: com conteúdos gravados e exclusivos. | APRENDIZADO PRÁTICO: dos processos de experiências e vendas na Clínica do Dr. Leandro Aguiar.,socios=+40 sócios já transformados | faturamento=6 digitos em faturamento dos mentorados | faturamento=Até 494% de aumento no faturamento em um ao,206,False,none,,27,9,18,5,5,17
RNA,,bronze,Ramon Ribeiro | Ariane Delai | Diego Porto,"Ariane Delai, Ramon Ribeiro e Diego Porto, ao unirem suas expertises, proporcionam crescimento ético e sustentável para médicos especialistas, através de gestão, vendas e modelo de negócios.",medicina / saúde,ENCONTROS: 4 reuniões online por mês (grupo) + 1 encontro presencial de 2 dias ao longo do ano + 6 individuais | PLATAFORMA: Plataformna exclusiva | WHATSAPP: Grupos exclusivos de WhatsApp (para membros e secretárias) | SECRETÁRIAS: treinamento semanais para as secretárias dos membros,indicador=+500 programas de acompanhamento criados e vendidos | indicador=programas de acompanhamento criados e vendidos em 6 meses | faturamento=+400% de crescimento em receita | indicador=+60% de conversão das secretárias,209,False,none,,35,11,24,6,15,14
ROCKET CLUB,Rocket Club,bronze,Diogo Garcia,"Mentoria para profissionais da saúde que buscam reposicionamento, expansão de atuação e aumento de faturamento e lucro sem perder qualidade de vida. Mentalidade empreendedora e metodologia comercial para transformar ideias em modelos de negócios que geram autoridade, previsibilidade e crescimento. Comunidade rica em conhecimento, experiências e networking.",medicina / saúde,ENCONTROS: 2 eventos presenciais ao ano com 2 dias de duração + encontros online semanais + acompanhamento | PLATAFORMA: acesso a encontros gravados em plataforma online | WHATSAPP: acesso a grupo exclusivo com todos os mentorados | EXPERIÊNCIAS: experiências presenciais exclusivas,indicador=+20 anos de experiência | mentorados=+30 mentorados ativos | indicador=Até 3 meses em média para retorno | indicador=meses em média para retorno de investimento,210,False,none,,31,10,21,3,10,18
SELECT,Select,bronze,Dias Junior,"Mentoria médica, voltada para quem busca transformar a vida dos seus pacientes através da medicina integrativa e transformando suas próprias vidas. O maior e melhor SUPORTE, passando segurança a médicos que estão iniciando ou precisam de confiança para colocar em prática. Com os pilares em: Teoria + Prática + Suporte!",medicina / saúde,"ENCONTROS: 3 encontros presenciais ao ano, reuniões online semanais e prática clínica em clínica modelo. | PLATAFORMA: acesso ao aplicativo com conteúdos teóricos gravados. | WHATSAPP: acesso a grupo exclusivo para troca de experiências, acompanhamento e contato com a comunidade | ACESSO AO MENTOR: onboarding individual, reuniões individuais e acesso direto ao mentor.",mentorados=+60 mentorados realizados | indicador=+300 médicos treinados | indicador=+20 anos de experiência compartilhada | indicador=anos de experiência compartilhada,211,False,none,,45,1,44,3,29,13
SPUR,,bronze,Arthur Queiroz | Mario Magalhães | Samanta Sanchez | Eduardo Carmo,"O SPUR é uma academia de empreendedores focada em vendas, com o objetivo de formar e estruturar departamentos comerciais ativos que multipliquem o faturamento das empresas. O programa utiliza uma metodologia validada por negócios multimilionários e oferece uma abordagem prática, clara e aplicável a qualquer segmento.",educação / mentores,ENCONTROS: 4 encontros presenciais por ano + 14 encontros online por mês | PLATAFORMA: Plataforma exclusiva com todos os encontros gravados | WHATSAPP: grupo exclusivo com todos os membros e mentores | PREMIAÇÕES: Eventos com premiações exclusivas aos mentorados,indicador=+300 empresas participantes da academia | indicador=+20 gerentes formados,212,False,none,,155,31,124,5,60,90
SUPER DOUTORES CLUB,Super Doutores Club,bronze,Raphael Tavares | Natasha Tavares | André Tavares,"Super Doutores Club é uma mentoria de alto impacto que combina estratégia, networking e acompanhamento personalizado para donos de clínicas e consultórios. Nosso foco é transformar profissionais da saúde em líderes empresariais, capazes de escalar suas clínicas para faturamentos consistentes, com equipes engajadas e posicionamento de autoridade.",medicina / saúde,ENCONTROS: 2 Encontros presenciais ao longo do ano + 12 encontros online | PLATAFORMA: + Livro + Manuais do método Super Doutores | TREINAMENTO: semanal para o time comercial da clínica | MENTORIA INDIVIDUAL: orientação exclusiva dos mentores para implementação do método,faturamento=1 bilhão de faturamento total do grupo | unidades=+ 5.000 donos de clínicas e consultórios impactados | mentorados=85% dos mentorados aumentam resultados dentro de 60 dias,213,False,none,,35,11,24,2,9,24
TITANS CLUB ELITE,,bronze,Rica Mello,"O Titans Club Elite é ideal para empresários que buscam impulsionar seu crescimento com uma abordagem prática, estruturada e personalizada. Por meio de encontros estratégicos e acompanhamento individual com consultor, oferecemos suporte essencial para implementação de iniciativas focadas em resultados claros e tangíveis.",educação / mentores,ENCONTROS: 3 encontros presenciais ao longo do ano + 6 encontros online | PLATAFORMA: exclusiva | WHATSAPP: grupo exclusivo de WhatsApp | ONLINE: acompanhamento individual online,faturamento=+50 milhões de faturamento total no grupo | faturamento=milhões de faturamento total no grupo | colaboradores=+500 colaboradores impactados | nps=94 NPS do grupo,215,False,none,,0,0,0,0,0,0
TÁSSALA CLUB,Tássala Club,bronze,Fer Miguel | Rafa Moraes,"Você pode ser excelente tecnicamente e ainda assim permanecer no mesmo nível. Porque não é sobre medicina, é sobre negócio. Médicos não precisam de mais esforço, mas de estrutura para crescer com lucro, previsibilidade e liberdade. É isso que construímos com um ecossistema financeiro que organiza, protege e acelera o crescimento.",medicina / saúde,"ENCONTROS: 2 encontros presenciais ao longo do ano + 18 encontros de hotseat | ACOMPANHAMENTO: com mentoras e equipe especializada, planejamento financeiro pessoal e estratégico empresarial | FERRAMENTAS: Área de membros, IA para gestão financeira, plataforma de controle para mentorados + Grupo de Wpp | EXPERIÊNCIAS: Viagem com os mentorados, gestor de viagens exclusivo dos membros, ecossistema financeiro com todas as",roi=400% de ROI médio | indicador=+100 médicos ativos no ecossistema | indicador=médicos ativos no ecossistema | indicador=60% de retenção desde 2022,214,False,adjacent,"menciona IA como pilar/ferramenta, não como tese",17,7,10,5,0,12
V.E.M CLUB,V.E.M Club,bronze,Núbia Maurelli,"O V.E.M Club é para mulheres empresárias que querem profissionalizar vendas de alto valor, expandir negócios e construir autoridade. Trabalhamos identidade, método, posicionamento, rotina comercial, conexões estratégicas e movimento. Entrega: aumento real de faturamento com método, estrutura e presença.",educação / mentores,"ENCONTROS: Encontros presenciais estratégicos com foco em vendas de alto valor, identidade, método e ritmo comercial. | PLATAFORMA: Plataforma exclusiva com o Método V.E.M Club, aulas, materiais oficiais e gravações dos encontros. | WHATSAPP: Grupo fechado para orientação diária, networking ativo, rotina comercial e cultura de movimento. | MESA DA DIREÇÃO + EXPERIÊNCIAS: Sessões individuais premium com a mentora + experiências exclusivas de conexões, palestras, networking e","indicador=+2.000 mulheres impactadas diretamente pelos meus programas, | indicador=mulheres impactadas diretamente pelos meus programas, mentorias, eventos e | indicador=+300 profissionais acompanhadas de forma mais profunda através | indicador=profissionais acompanhadas de forma mais profunda através de mentorias, vivências, | indicador=+2 países atuando oficialmente com projetos e conexões estratégicas (Brasil e Dubai).",219,False,none,,63,6,57,6,15,42
VALYOR,,bronze,Sheyla Silva | Gonzalo Reinol,"A Valyor é um grupo seleto para empresários, mentores e profissionais liberais, que desejam expandir sua vida, seus negócios e sua liderança. Sheyla Silva e Gonzalo Reinol focam em Reprogramação Mental, vendas, comunicação, liderança e modelos de negócio escaláveis, com propósito e legado.",educação / mentores,ENCONTROS: 4 Semanais online + 2 presenciais por ano | PLATAFORMA: acesso a plataforma com encontros gravados e a metodologia | WHATSAPP: grupo exclusivo de whatssap com os membros e mentores | ACOMPANHAMENTO: acompanhamento individualizado com Sheyla Silva e Gonzalo Reinol,indicador=+17 anos impactando e transformando empresarios e lideres | indicador=+7 digitos na abertura do club | mentorados=+45 mentorados Internacional | mentorados=Internacional mentorados em outros países,217,False,none,,0,0,0,0,0,0
VANGUARD CLUB,,bronze,Flávio Tavares | Rafael Teles | Agnaldo Utuari | Rodrigo Baraldi,"O Vanguard Club é um movimento para advogados e que querem crescer com mais posicionamento, valor e previsibilidade. Na jornada, trabalhamos mentalidade, produto, precificação, vendas e marketing para transformar competência jurídica em um negócio forte, rentável e preparado para liderar o futuro da advocacia.",jurídico,ENCONTROS: 48 encontros online por ano + 2 imersões presenciais exclusivas. | ACOMPANHAMENTO: 12 encontros individuais online por ano. | DIAGNÓSTICO: Diagnóstico e rota de crescimento com implementação guiada. | ECOSSISTEMA: Acesso ao ecossistema Vanguard.,faturamento=+70 milhões de faturamento | faturamento=milhões de faturamento total do grupo | socios=+20 membros no grupo,216,False,none,,0,0,0,0,0,0
VEL MED CLUB,Vel Club,bronze,Camila Kill | Christian Ferreira,"Para médicos que desejam iniciar suas clínicas do zero ou aumentar o faturamento através das vendas + marketing, escala + modelo de negócio e liderança. Ao longo dos encontros, os membros são estimulados nestas áreas para além das expectativas, se tornando agentes transformadores.",medicina / saúde,ENCONTROS: 3 encontros presencias de 1 dia + 24 encontros online ao ano | ACESSO: às aulas gravadas | WHATSAPP: grupo exclusivo do WhatsApp com todos os sócios e mentores | EXCLUSIVO: consultoria e acompanhamento individual /experiências exclusivas,socios=+30 sócios | socios=sócios 100% | faturamento=100% aumento faturamento | faturamento=+15 milhões faturamento acumulado | faturamento=milhões faturamento acumulado,218,False,none,,81,18,63,4,52,25
VET PRIME CLUB,Vet Prime Club,bronze,,,generalista,,,,False,none,sem página no book,14,7,7,5,0,9
VIDA DE MÉDICO,,bronze,Emmerson Badaró,"Mentoria para oftalmologistas que querem crescer, guiada por quem vive o que ensina. Movida por excelência técnica, ambição e ética. Aqui você atrai e fideliza pacientes qualificados, vende procedimentos e cirurgias de alto valor e organiza seu modelo de negócio. A promessa: prosperar com ética, sem abrir mão da qualidade de vida.",oftalmologia / ótica,ENCONTROS: Semanais online em grupo e + 2 encontros presenciais por ano. | PLATAFORMA: com acesso ao método VDM e encontros gravados | WHATSAPP: Comunidade exclusiva para networking e crescimento entre oftalmologistas. | SUPORTE INDIVIDUAL: Plano de ação e acompanhamento individualizado com o mentor,faturamento=+60 milhões de faturamento anual do grupo | faturamento=milhões de faturamento anual do grupo | roi=+80% tiveram ROI em 3 meses,220,False,none,,0,0,0,0,0,0
VIRTUS CLUB,,bronze,Wil Guimarães,"A Virtus Club é uma mentoria premium para médicos éticos que estão dispostos a se tornarem protagonistas de suas carreiras, transformar a vida de seus pacientes, crescer o faturamento de particular de forma previsível e desfrutar de qualidade de vida junto às suas famílias.",medicina / saúde,ENCONTROS: Encontros online semanais + 2 encontros presenciais por ano para médicos. | TREINAMENTOS: Encontros online semanais para o time de vendas. | WHATSAPP: Grupo exclusivo para acompanhamento e trocas. | ACESSO: Acesso às aulas gravadas em plataforma online.,socios=+30 sócios no grupo | indicador=+12 mil vidas transformadas por ano | faturamento=+18 milhões como faturamento | faturamento=milhões como faturamento anual estimado do grupo em 2026.,121,False,none,,0,0,0,0,0,0
VISION CLUB,Vision Club,bronze,Júlio Pereira | Mirian Pereira,"Nosso clube é para líderes visionários e empresários ambiciosos que desejam ampliar impacto, liderar transformações e deixar um legado. Oferecemos mentoria de alto nível, networking estratégico e conteúdos exclusivos para acelerar crescimento. Com foco em liderança, inovação e estratégias, capacitamos você para ser um catalisador de mudanças e referência em sua área.",educação / mentores,ENCONTROS: 3 encontros presenciais durante o ano | PLATAFORMA: com conteúdos exclusivos | WHATSAPP: grupo exclusivo com todos os sócios e mentores | ONLINE: 2 encontros online por mês com o mentor,socios=+50 sócios no grupo | indicador=+60 mil vidas impactadas +26 | indicador=+26 anos de experiência | indicador=anos de experiência,157,False,none,,19,5,14,6,9,4
VOÁ MENTORING,,bronze,Greyce Xavier,"VOÁ é uma mentoria para médicos e empresários que desejam alinhar autoimagem, imagem externa e posicionamento estratégico ao faturamento que merecem. Com método autoral baseado em neurociência, física quântica e comunicação não verbal, transforma identidade em resultados exponenciais.",medicina / saúde,"ENCONTROS: Encontros presenciais exclusivos (2x ao ano) + encontros individuais | PLATAFORMA: Plataforma com conteúdos, gravações e materiais estratégicos | EXPERIÊNCIAS: práticas e transformadoras que aprofundam o reposicionamento e fortalecem a autoridade",indicador=+1 milhão faturados em apenas 4 meses com mentorias | indicador=+ 250 médicos faturados em apenas 4 meses | indicador=médicos faturados em apenas 4 meses com mentorias | mentorados=+80% dos mentorados aumentaram ou mudaram seus resultados em até 90,221,False,none,,0,0,0,0,0,0
WE.MASTER EMERALD,we.master EMERALD | We.Master Emerald,bronze,Renata Pontes | Conrado Adolpho,"Projetado para empresários que buscam expandir seus negócios, com faturamento mensal entre R$200 mil e R$3 milhões. Oferece três encontros anuais e sessões interativas de hot-seats, focadas no crescimento e inovação empresarial.",educação / mentores,"ENCONTROS: 3 encontros presenciais de 3 dias e 9 encontros online | CONSULTORIAS: 3 consultorias Webliv (marketing e vendas, financeiro e gestão de pessoas) | HOTSEAT: com conselho de empresas para você e seu sócio | EXPERIÊNCIAS: experiências únicas durante o ano",faturamento=+174 milhões de faturamento total no grupo | faturamento=milhões de faturamento total no grupo | indicador=+60 empresas no grupo +529 | colaboradores=+529 colaboradores impactados | socios=+140 membros no grupo,222,False,none,,0,0,0,0,0,0
WINNERS CLUB,,bronze,Robinho Guedes,"Mentoria focada em crescimento, lucro e mentalidade, o Winners Club é uma comunidade de Contadores e Empresários que decidiram deixar o tradicional para viver a nova era dos negócios. Um ambiente de alta performance, onde se compartilham estratégias, experiências e práticas reais que geram resultado e mudam a frequência, com saúde e familia e espiritualidade.",contábil,"ENCONTROS: 3 Encontros presenciais de 1 dia ao longo do ano | PLATAFORMA: Plataforma de cursos gravados | EXCLUSIVO: Mentoria exclusiva one line ou presencial mensais para familia, diretores e sócios. | WHATSAPP: Grupo de WhatsApp",faturamento=+30 milhões de faturamento de sócios | faturamento=milhões de faturamento de sócios | socios=+30 sócios no clube | socios=sócios no clube + 10.000 | indicador=+ 10.000 empresas impactadas,223,False,none,,0,0,0,0,0,0
XYELLOW CLUB,XYellow Club,bronze,Robson Araújo,"Destinado para empresários e contadores que querem crescer com método, experiência e relacionamento. Aqui você domina experiência do cliente, retenção e marketing de indicação para transformar sua base em um motor previsível de crescimento. Um ambiente de estratégia, narrativa e execução acompanhada.",jurídico,"ENCONTROS: 3 encontros presenciais anuais + 3 encontros online mensais com foco em estratégia, CS e marketing de indicação | PLATAFORMA: Acesso à plataforma premium com gravações, frameworks, modelos e conteúdos de CS, onboarding e PIA | EXPERIÊNCIAS: Vivências práticas, bastidores reais e dinâmicas aplicadas ao método ACR para acelerar crescimento e retenção | WHATSAPP: Grupo exclusivo com mentores e membros para acompanhamento diário, dúvidas e direcionamento",faturamento=+84 milhões faturamento anual somado dos | faturamento=milhões faturamento anual somado dos membros do clube | indicador=+10 mil clientes atendidos pelos empresários e | indicador=clientes atendidos pelos empresários e escritórios do grupo | socios=+35 membros participando ativamente da | socios=membros participando ativamente da comunidade XYellow,224,False,none,,9,4,5,4,0,5
Z SCALE CLUB,Z CLUB,bronze,Leandro Reche,"Clube destinado para donos de clínicas que desejam aumentar faturamento com lucro e previsibilidade, com foco em mentalidade, marketing, vendas e programas de tratamento de alto valor",medicina / saúde,ENCONTROS: 2 encontros presenciais de 2 dias | PLATAFORMA: Plataforma de cursos gravados | EXCLUSIVO: Encontros individuais durante o ano | WHATSAPP: Grupo de WhatsApp geral + grupo individual com consultor,unidades=+723 clínicas impactadas | unidades=clínicas impactadas | faturamento=80% dobram faturamento | nps=NPS 94,226,False,none,,178,43,135,5,91,82
ZOE CLUB,Zoe Club,bronze,Rosângela Costa | Leticia Zoe,"Zoe club tem como objetivo transformar empresários e negócios por meio de uma jornada de crescimento baseada em propósito, conexão e resultados reais. Impulsionado em desenvolver uma nova mentalidades e impulsionar novas oportunidades de negócios",educação / mentores,ENCONTROS: 3 encontros presenciais + 24 Mentorias online em grupo | ACOMPANHAMENTO: individual | WHATSAPP: Grupo de Whatsapp exclusivo com todos os sócios e mentores | EXPERIÊNCIAS: Plataforma com conteúdos gravados | Experiências além da agenda de encontros anuais,"indicador=+15 segmentos diferentes | indicador=segmentos diferentes | indicador=+20 anos empreendendo com impacto, preparando e formando pessoas | socios=+40 sócios",225,False,none,,35,17,18,4,6,25
